set,combo,metric,ours,lo,hi,ours_design,paper
1,NONE,pcfr,4,1.56631,9.83722,0,
1,NONE,ancr,3,2.63147,3.36853,3.36667,
1,NONE,amd,0.00777567,-0.0012288,0.0167801,0,
1,NONE,time,42.0207,39.303,44.7384,43.218,
1,NONE,coll_per_min,4.2836,4.2836,4.2836,4.67398,
1,NONE,deadlocks_per_run,0,0,0,0,
1,O-ET,pcfr,15,9.3059,23.2837,10,23.3
1,O-ET,ancr,2.54,2.16581,2.91419,2.73333,1.59
1,O-ET,amd,0.0218251,0.0073742,0.036276,0.00478855,0.05
1,O-ET,time,43.8796,41.0721,46.6871,45.1363,78
1,O-ET,coll_per_min,3.47314,3.47314,3.47314,3.63344,1.22308
1,O-ET,deadlocks_per_run,0,0,0,0,
1,O-SW,pcfr,11,6.25413,18.6315,16.6667,50
1,O-SW,ancr,3.99,3.32636,4.65364,4.2,2.48
1,O-SW,amd,0.0327147,0.0102849,0.0551445,0.0541095,0.11
1,O-SW,time,173.925,153.717,194.133,162.06,119
1,O-SW,coll_per_min,1.34354,1.34354,1.34354,1.42648,1.25042
1,O-SW,deadlocks_per_run,0,0,0,0,
1,O-BW,pcfr,4,1.56631,9.83722,3.33333,26.7
1,O-BW,ancr,4.15,3.55814,4.74186,4.83333,4.14
1,O-BW,amd,0.011546,-0.00402912,0.0271211,0.00080998,0.09
1,O-BW,time,140.123,127.771,152.476,159.34,120
1,O-BW,coll_per_min,1.77701,1.77701,1.77701,1.82001,2.07
1,O-BW,deadlocks_per_run,6.29,6.29,6.29,7.23333,
1,ET+SW,pcfr,18,11.7001,26.6675,10,50
1,ET+SW,ancr,3.2,2.57396,3.82604,3.46667,1.29
1,ET+SW,amd,0.0407276,0.0169811,0.0644742,0.0194869,0.11
1,ET+SW,time,165.491,146.29,184.691,176.116,88
1,ET+SW,coll_per_min,1.13051,1.13051,1.13051,1.09332,0.879545
1,ET+SW,deadlocks_per_run,0,0,0,0,
1,ET+BW,pcfr,9,4.8072,16.2264,10,46.7
1,ET+BW,ancr,3.13,2.63427,3.62573,3.03333,1.62
1,ET+BW,amd,0.0235814,0.00444051,0.0427222,0.0174518,0.17
1,ET+BW,time,142.423,129.369,155.477,144.623,94
1,ET+BW,coll_per_min,1.31861,1.31861,1.31861,1.25844,1.03404
1,ET+BW,deadlocks_per_run,6.48,6.48,6.48,6.53333,
1,SW+BW,pcfr,7,3.43188,13.7497,10,50
1,SW+BW,ancr,6.63,5.54723,7.71277,7.36667,2.45
1,SW+BW,amd,0.0194215,0.00135255,0.0374904,0.0135591,0.14
1,SW+BW,time,268.903,240.344,297.463,260.643,121
1,SW+BW,coll_per_min,1.24871,1.24871,1.24871,1.30066,1.21488
1,SW+BW,deadlocks_per_run,17.68,17.68,17.68,19.2,
1,SH,pcfr,13,7.75709,20.9805,10,63.3
1,SH,ancr,4.23,3.48934,4.97066,3.8,0.47
1,SH,amd,0.0217288,0.00580208,0.0376556,0.00495909,0.15
1,SH,time,268.91,240.44,297.38,223.084,103
1,SH,coll_per_min,0.878884,0.878884,0.878884,0.874314,0.273786
1,SH,deadlocks_per_run,15.73,15.73,15.73,13.6667,
2,NONE,pcfr,9,4.8072,16.2264,3.33333,
2,NONE,ancr,2.78,2.41509,3.14491,3.1,
2,NONE,amd,0.0132389,0.00107726,0.0254005,8.30577e-05,
2,NONE,time,41.4986,38.806,44.1912,40.7007,
2,NONE,coll_per_min,4.01941,4.01941,4.01941,4.56995,
2,NONE,deadlocks_per_run,0,0,0,0,
2,O-ET,pcfr,28,20.1396,37.4882,26.6667,33.3
2,O-ET,ancr,1.44,1.1582,1.7218,1.33333,1.38
2,O-ET,amd,0.0327155,0.0181907,0.0472402,0.0294417,0.04
2,O-ET,time,43.0585,40.299,45.818,42.8547,63
2,O-ET,coll_per_min,2.00657,2.00657,2.00657,1.86677,1.31429
2,O-ET,deadlocks_per_run,0,0,0,0,
2,O-SW,pcfr,2,0.550185,7.00132,0,50
2,O-SW,ancr,6.42,5.28936,7.55064,6.03333,1.12
2,O-SW,amd,0.00425236,-0.0019111,0.0104158,0,0.09
2,O-SW,time,147.75,128.991,166.509,139.774,120
2,O-SW,coll_per_min,2.6071,2.6071,2.6071,2.5899,0.56
2,O-SW,deadlocks_per_run,0,0,0,0,
2,O-BW,pcfr,3,1.02543,8.45208,3.33333,20
2,O-BW,ancr,6.59,5.83315,7.34685,5.93333,2.5
2,O-BW,amd,0.00213039,-0.000995006,0.00525579,0.000721687,0.03
2,O-BW,time,146.285,135.083,157.488,149.967,152
2,O-BW,coll_per_min,2.70294,2.70294,2.70294,2.37386,0.986842
2,O-BW,deadlocks_per_run,5.66,5.66,5.66,5.76667,
2,ET+SW,pcfr,24,16.6912,33.2325,16.6667,60
2,ET+SW,ancr,2.21,1.77906,2.64094,2.36667,0.6
2,ET+SW,amd,0.0309906,0.0168073,0.0451739,0.0217424,0.11
2,ET+SW,time,155.376,137.141,173.612,152.189,130
2,ET+SW,coll_per_min,0.853412,0.853412,0.853412,0.93305,0.276923
2,ET+SW,deadlocks_per_run,0,0,0,0,
2,ET+BW,pcfr,15,9.3059,23.2837,13.3333,43.3
2,ET+BW,ancr,2.96,2.44337,3.47663,2.9,1.14
2,ET+BW,amd,0.017108,0.00841333,0.0258026,0.0132807,0.06
2,ET+BW,time,156.21,141.334,171.086,148.78,141
2,ET+BW,coll_per_min,1.13693,1.13693,1.13693,1.16951,0.485106
2,ET+BW,deadlocks_per_run,6.31,6.31,6.31,6.26667,
2,SW+BW,pcfr,3,1.02543,8.45208,3.33333,40
2,SW+BW,ancr,12.15,10.4636,13.8364,12.8667,0.71
2,SW+BW,amd,0.00213039,-0.000995006,0.00525579,0.000721687,0.11
2,SW+BW,time,269.029,237.869,300.19,272.8,137
2,SW+BW,coll_per_min,2.38675,2.38675,2.38675,2.43974,0.310949
2,SW+BW,deadlocks_per_run,14.11,14.11,14.11,14.7333,
2,SH,pcfr,18,11.7001,26.6675,16.6667,66.7
2,SH,ancr,3.64,2.98399,4.29601,3.63333,0.37
2,SH,amd,0.0206701,0.00892167,0.0324186,0.0260052,0.14
2,SH,time,252.052,222.673,281.431,276.728,104
2,SH,coll_per_min,0.761383,0.761383,0.761383,0.730859,0.213462
2,SH,deadlocks_per_run,13.7,13.7,13.7,14.4333,
3,NONE,pcfr,1,0.176739,5.44875,0,
3,NONE,ancr,3.71,3.27103,4.14897,3.5,
3,NONE,amd,2.50609e-05,-2.40585e-05,7.41803e-05,0,
3,NONE,time,73.7334,69.4331,78.0337,74.7613,
3,NONE,coll_per_min,3.01898,3.01898,3.01898,2.80894,
3,NONE,deadlocks_per_run,0,0,0,0,
3,O-ET,pcfr,3,1.02543,8.45208,6.66667,10
3,O-ET,ancr,3.49,3.05085,3.92915,3.63333,2.7
3,O-ET,amd,0.00389808,-0.00156974,0.0093659,0.010854,0.05
3,O-ET,time,77.431,73.0125,81.8495,79.261,104
3,O-ET,coll_per_min,2.70434,2.70434,2.70434,2.75041,1.55769
3,O-ET,deadlocks_per_run,0,0,0,0,
3,O-SW,pcfr,3,1.02543,8.45208,3.33333,20
3,O-SW,ancr,5.56,4.92028,6.19972,5.73333,4.47
3,O-SW,amd,0.00672064,-0.00479375,0.018235,0.00231533,0.06
3,O-SW,time,180.559,167.825,193.292,189.391,223
3,O-SW,coll_per_min,1.8476,1.8476,1.8476,1.81635,1.20269
3,O-SW,deadlocks_per_run,0,0,0,0,
3,O-BW,pcfr,1,0.176739,5.44875,0,10
3,O-BW,ancr,5.49,4.83756,6.14244,5.46667,7.8
3,O-BW,amd,0.00119567,-0.00114784,0.00353918,0,0.02
3,O-BW,time,160.987,149.908,172.065,166.521,242
3,O-BW,coll_per_min,2.04613,2.04613,2.04613,1.96972,1.93388
3,O-BW,deadlocks_per_run,11.11,11.11,11.11,11.7667,
3,ET+SW,pcfr,1,0.176739,5.44875,0,23.3
3,ET+SW,ancr,6.12,5.38069,6.85931,5.7,2.86
3,ET+SW,amd,0.00483961,-0.00464603,0.0143252,0,0.07
3,ET+SW,time,178.37,164.096,192.645,169.533,193
3,ET+SW,coll_per_min,2.05864,2.05864,2.05864,2.01731,0.889119
3,ET+SW,deadlocks_per_run,0,0,0,0,
3,ET+BW,pcfr,3,1.02543,8.45208,6.66667,20
3,ET+BW,ancr,5.17,4.56601,5.77399,5.16667,2.67
3,ET+BW,amd,0.00418645,-0.00225866,0.0106316,0.0128031,0.06
3,ET+BW,time,165.592,153.758,177.426,161.511,158
3,ET+BW,coll_per_min,1.87328,1.87328,1.87328,1.91937,1.01392
3,ET+BW,deadlocks_per_run,11.27,11.27,11.27,10.9333,
3,SW+BW,pcfr,1,0.176739,5.44875,0,20
3,SW+BW,ancr,7.5,6.67759,8.32241,7.7,3.83
3,SW+BW,amd,0.00147589,-0.00141685,0.00436863,0,0.06
3,SW+BW,time,257.606,237.21,278.003,251.133,226
3,SW+BW,coll_per_min,1.72394,1.72394,1.72394,1.83966,1.01681
3,SW+BW,deadlocks_per_run,20.43,20.43,20.43,19.4,
3,SH,pcfr,0,0,3.69948,0,33.3
3,SH,ancr,7.73,6.77798,8.68202,8.66667,1.43
3,SH,amd,0,0,0,0,0.05
3,SH,time,262.722,239.97,285.473,260.598,182
3,SH,coll_per_min,1.76537,1.76537,1.76537,1.99541,0.471429
3,SH,deadlocks_per_run,21.03,21.03,21.03,20.7333,
