set,map,run,algo,reached,time,dyn_collisions,static_collisions,min_dist,path_length,cycles,deadlocks,sh_violations,static_fallbacks,plan_ms_mean,plan_ms_max
1,1,0,PF-ET,1,32.41,0,0,0.0874116,28.7525,163,0,0,0,2.8907,6.97707
1,1,0,F-ET,1,30.72,2,0,0,29.23,154,0,0,0,2.5617,7.26032
1,1,0,SH,1,64.37,0,0,0.0404339,47.6925,81,1,0,0,6.96919,11.6491
1,1,0,O-ET,1,30.39,3,0,0,28.995,38,0,0,0,3.18647,7.72937
1,1,0,O-SW,1,69.42,1,0,0,51.91,87,0,0,0,3.461,5.15443
1,1,0,O-BW,1,69.99,2,0,0,51.8975,88,0,0,0,4.60367,6.04022
1,1,0,ET+SW,1,69.33,2,0,0,49.1325,87,0,0,0,4.15264,5.60748
1,1,0,ET+BW,1,76.75,0,0,0.151074,52.175,96,2,0,0,4.92645,6.4809
1,1,0,SW+BW,1,69.99,2,0,0,51.8975,88,0,0,0,6.17216,9.16309
1,1,1,PF-ET,1,27.15,0,0,0.121534,26.575,136,0,0,0,1.98296,4.03701
1,1,1,F-ET,1,30.35,1,0,0,26.5875,152,0,0,0,1.90481,6.69482
1,1,1,SH,1,73.06,1,0,0,38.865,92,3,0,0,4.83714,6.05997
1,1,1,O-ET,1,29.93,1,0,0,26.6825,38,0,0,0,1.84588,2.1443
1,1,1,O-SW,1,74.08,1,0,0,38.52,93,0,0,0,3.05304,4.9409
1,1,1,O-BW,1,60.47,1,0,0,35.67,76,2,0,0,4.297,57.8341
1,1,1,ET+SW,1,72.36,2,0,0,46.09,91,0,0,0,3.03158,6.90361
1,1,1,ET+BW,1,73.09,1,0,0,42.4725,92,2,0,0,3.65618,4.70439
1,1,1,SW+BW,1,73.25,1,0,0,38.1125,92,3,0,0,4.68491,6.27547
1,1,2,PF-ET,1,26.17,0,0,0.0279768,25.585,131,0,0,0,2.32508,6.88708
1,1,2,F-ET,1,26.81,3,0,0,25.7575,135,0,0,0,2.20093,2.81041
1,1,2,SH,1,84.57,1,0,0,50.7425,106,2,0,0,5.8133,9.44584
1,1,2,O-ET,1,30.88,3,0,0,26.12,39,0,0,0,2.1956,3.84758
1,1,2,O-SW,1,70.8,0,0,0.728078,43.5,89,0,0,0,3.6606,14.3476
1,1,2,O-BW,1,39.99,3,0,0,28.195,50,1,0,0,4.07568,9.89778
1,1,2,ET+SW,1,85.99,3,0,0,51.6975,108,0,0,0,3.7268,14.1687
1,1,2,ET+BW,1,58.09,0,0,0.137725,36.3225,73,1,0,0,4.36211,5.80626
1,1,2,SW+BW,1,106.6,2,0,0,67.4499,134,2,0,0,6.18905,9.19856
1,1,3,PF-ET,1,29.53,0,0,0.0891261,27.5325,148,0,0,0,2.34889,5.81252
1,1,3,F-ET,1,30.79,1,0,0,27.7475,154,0,0,0,2.2614,3.64867
1,1,3,SH,1,111.41,2,0,0,53.0524,140,5,0,0,5.52388,8.93494
1,1,3,O-ET,1,31.29,0,0,0.0117746,29.0225,40,0,0,0,2.1444,2.92302
1,1,3,O-SW,1,111.24,0,0,0.0746777,52.2099,140,0,0,0,3.74981,5.80761
1,1,3,O-BW,1,111.09,0,0,0.0242994,55.3724,139,5,0,0,3.61748,5.44977
1,1,3,ET+SW,1,111.56,0,0,0.216484,40.09,140,0,0,0,3.54273,6.40522
1,1,3,ET+BW,1,109,2,0,0,55.8499,137,6,0,0,4.03834,6.22282
1,1,3,SW+BW,1,156,1,0,0,75.9999,195,8,0,0,5.34469,10.6417
1,1,4,PF-ET,1,30.51,0,0,0.081788,27.5275,153,0,0,0,2.24482,3.98175
1,1,4,F-ET,1,31.24,0,0,0.0577992,27.56,157,0,0,0,1.92049,2.93294
1,1,4,SH,1,47.89,1,0,0,37.3725,60,0,0,0,7.0643,8.85027
1,1,4,O-ET,1,31.72,2,0,0,27.73,40,0,0,0,1.93934,2.51614
1,1,4,O-SW,1,46.64,0,0,0.31533,36.46,59,0,0,0,3.44486,5.5833
1,1,4,O-BW,1,43.02,1,0,0,35.11,54,0,0,0,4.68595,6.24153
1,1,4,ET+SW,1,43.18,1,0,0,34.39,54,0,0,0,3.44044,4.64065
1,1,4,ET+BW,1,47.89,1,0,0,37.3725,60,0,0,0,4.77478,6.00343
1,1,4,SW+BW,1,43.02,1,0,0,35.11,54,0,0,0,6.45079,8.3338
1,1,5,PF-ET,1,30.98,0,0,0.0889782,27.745,155,0,0,0,2.35669,3.8738
1,1,5,F-ET,1,30.78,3,0,0,27.995,154,0,0,0,2.20248,2.84482
1,1,5,SH,1,177.1,1,0,0,107.075,222,6,0,0,6.01331,8.75845
1,1,5,O-ET,1,31.74,3,0,0,28.335,40,0,0,0,2.15271,2.35825
1,1,5,O-SW,1,165.94,5,0,0,107.085,208,0,0,0,3.29839,4.71385
1,1,5,O-BW,1,97.82,4,0,0,57.4549,123,2,0,0,4.02201,6.47446
1,1,5,ET+SW,1,95.32,0,0,0.0811566,59.1199,120,0,0,0,3.73347,5.40517
1,1,5,ET+BW,1,65.21,0,0,0.234754,43.41,82,1,0,0,4.73411,6.45036
1,1,5,SW+BW,1,125.25,3,0,0,76.1124,157,3,0,0,5.57452,8.68562
1,2,0,PF-ET,1,31.7,0,0,0.0841971,28.425,159,0,0,0,2.32246,3.74943
1,2,0,F-ET,1,31.43,0,0,0.0287959,28.6575,158,0,0,0,2.23774,4.96084
1,2,0,SH,1,145.68,1,0,0,71.8199,183,7,0,0,5.62896,10.1923
1,2,0,O-ET,1,31.11,0,0,0.064011,28.3775,39,0,0,0,2.13308,2.67193
1,2,0,O-SW,1,194.48,4,0,0,108.46,244,0,0,0,3.32996,6.33958
1,2,0,O-BW,1,94.19,4,0,0,44.695,118,6,0,0,4.31406,6.60254
1,2,0,ET+SW,1,57.49,1,0,0,40.745,72,0,0,0,3.84558,5.35742
1,2,0,ET+BW,1,76.64,3,0,0,40.04,96,5,0,0,5.36334,9.88668
1,2,0,SW+BW,1,277,5,0,0,125.25,347,16,0,0,5.7365,45.6168
1,2,1,PF-ET,1,37.65,0,0,0.0578914,29.9125,189,0,0,0,2.18562,3.80569
1,2,1,F-ET,1,33.92,0,0,0.0857366,29.28,170,0,0,0,2.06806,2.76055
1,2,1,SH,1,236.54,3,0,0,104.87,296,12,0,0,5.84401,20.4135
1,2,1,O-ET,1,40.29,2,0,0,32.6725,51,0,0,0,2.05728,2.46753
1,2,1,O-SW,1,105.9,0,0,0.218233,65.8749,133,0,0,0,3.59802,11.8864
1,2,1,O-BW,1,211.51,1,0,0,79.2774,265,14,0,0,4.07899,20.794
1,2,1,ET+SW,1,104.82,1,0,0,66.6049,132,0,0,0,3.93846,20.1448
1,2,1,ET+BW,1,110.01,5,0,0,51.9024,138,6,0,0,4.15645,6.37364
1,2,1,SW+BW,1,274.42,4,0,0,102.41,344,23,0,0,4.51163,9.2948
1,2,2,PF-ET,1,35.01,0,0,0.0430043,30.9525,176,0,0,0,2.21548,3.91212
1,2,2,F-ET,1,33.65,3,0,0,30.8375,169,0,0,0,2.41483,21.6292
1,2,2,SH,1,149.93,0,0,0.0292483,64.0824,188,8,0,0,5.43618,9.52161
1,2,2,O-ET,1,33.21,2,0,0,30.81,42,0,0,0,2.88278,4.86408
1,2,2,O-SW,1,92.68,3,0,0,60.7699,116,0,0,0,3.33903,5.20786
1,2,2,O-BW,1,100.56,4,0,0,42.94,126,6,0,0,3.77564,6.08725
1,2,2,ET+SW,1,121.97,2,0,0,55.8924,153,0,0,0,3.28724,7.32526
1,2,2,ET+BW,1,114.87,4,0,0,55.9174,144,7,0,0,4.09398,6.41416
1,2,2,SW+BW,1,295.23,8,0,0,129.822,370,19,0,0,5.20511,29.1581
1,2,3,PF-ET,1,31.93,0,0,0.0271652,28.7825,160,0,0,0,2.75209,13.0802
1,2,3,F-ET,1,32.84,2,0,0,28.76,165,0,0,0,2.48132,3.38318
1,2,3,SH,1,155.3,3,0,0,74.4249,195,11,0,0,6.05677,28.9861
1,2,3,O-ET,1,31.91,1,0,0,28.755,40,0,0,0,2.63629,4.12052
1,2,3,O-SW,1,171,2,0,0,87.7499,214,0,0,0,3.37397,18.3077
1,2,3,O-BW,1,65.36,4,0,0,34.36,82,3,0,0,4.5276,17.0963
1,2,3,ET+SW,1,281.7,7,0,0,125.5,353,0,0,0,3.91744,17.2867
1,2,3,ET+BW,1,94.26,1,0,0,46.9649,118,6,0,0,4.60121,11.2051
1,2,3,SW+BW,1,175.8,0,0,0.193186,75.5499,220,11,0,0,5.44935,10.303
1,2,4,PF-ET,1,33.65,0,0,0.0813602,28.3625,169,0,0,0,2.7251,7.62845
1,2,4,F-ET,1,31.78,0,0,0.0766997,28.345,159,0,0,0,2.94568,5.16505
1,2,4,SH,1,234.75,6,0,0,92.4874,294,17,0,0,5.47815,9.71773
1,2,4,O-ET,1,32.18,0,0,0.0678709,28.245,41,0,0,0,2.55417,2.9463
1,2,4,O-SW,1,48.4,0,0,0.286966,37.1,61,0,0,0,3.73793,7.73713
1,2,4,O-BW,1,83.19,6,0,0,35.3975,104,6,0,0,4.17201,6.872
1,2,4,ET+SW,1,49.38,0,0,0.286966,37.345,62,0,0,0,3.91246,5.86902
1,2,4,ET+BW,1,106.29,1,0,0,44.3725,133,7,0,0,4.6975,6.82446
1,2,4,SW+BW,1,221.76,0,0,0.134578,81.9599,278,15,0,0,5.17954,8.7295
1,2,5,PF-ET,1,28.61,0,0,0.107921,26.4525,144,0,0,0,2.53759,3.96759
1,2,5,F-ET,1,28.5,0,0,0.105476,26.525,143,0,0,0,2.37539,2.95539
1,2,5,SH,1,397.18,5,0,0,160.495,497,25,0,0,5.71973,20.4224
1,2,5,O-ET,1,30.03,1,0,0,26.7075,38,0,0,0,2.44718,2.84294
1,2,5,O-SW,1,89.36,1,0,0,55.7399,112,0,0,0,3.04369,5.3686
1,2,5,O-BW,1,110.08,1,0,0,49.52,138,6,0,0,4.67467,8.37199
1,2,5,ET+SW,1,89.06,4,0,0,52.4649,112,0,0,0,3.54271,6.17376
1,2,5,ET+BW,1,103.15,2,0,0,47.1625,129,7,0,0,4.26033,6.28401
1,2,5,SW+BW,1,232.21,9,0,0,94.4524,291,15,0,0,5.90539,59.5378
1,3,0,PF-ET,1,64.38,0,0,0.0242617,52.645,322,0,0,0,2.52113,12.982
1,3,0,F-ET,1,66.07,3,0,0,54.4175,331,0,0,0,2.14195,3.22312
1,3,0,SH,1,384.69,4,0,0,200.345,481,17,0,0,4.8822,8.37622
1,3,0,O-ET,1,64.34,5,0,0,56.285,81,0,0,0,3.87948,126.898
1,3,0,O-SW,1,180.31,7,0,0,96.6774,226,0,0,0,3.04213,4.72542
1,3,0,O-BW,1,163.13,6,0,0,81.5824,204,9,0,0,3.46,5.80323
1,3,0,ET+SW,1,346.44,8,0,0,171.41,434,0,0,0,3.26744,5.88035
1,3,0,ET+BW,1,178.94,3,0,0,79.5349,224,10,0,0,3.77791,6.37301
1,3,0,SW+BW,1,383.99,11,0,0,182.795,480,18,0,0,4.78369,12.3803
1,3,1,PF-ET,1,58.49,0,0,0.0943647,54.5225,293,0,0,0,2.53892,6.11417
1,3,1,F-ET,1,59.24,1,0,0,53.96,297,0,0,0,2.17391,3.94042
1,3,1,SH,1,259.7,5,0,0,141.925,325,11,0,0,5.24643,13.3374
1,3,1,O-ET,1,60.58,1,0,0,56.745,76,0,0,0,2.21825,3.28224
1,3,1,O-SW,1,287.15,6,0,0,155.587,359,0,0,0,3.12552,5.65302
1,3,1,O-BW,1,171.33,5,0,0,90.8324,215,7,0,0,3.57959,5.43833
1,3,1,ET+SW,1,564.85,7,0,0,266.225,707,0,0,0,3.56446,7.41681
1,3,1,ET+BW,1,201.05,6,0,0,111.662,252,7,0,0,4.23778,7.34457
1,3,1,SW+BW,1,502.1,9,0,0,235.85,628,28,0,0,4.86951,16.0356
1,3,2,PF-ET,1,62.65,0,0,0.0801988,57.0625,314,0,0,0,2.80288,5.41477
1,3,2,F-ET,1,63.49,1,0,0,56.2725,318,0,0,0,2.40828,4.65705
1,3,2,SH,1,146.05,4,0,0,83.5124,183,6,0,0,5.75705,11.211
1,3,2,O-ET,1,57.53,6,0,0,51.1825,72,0,0,0,3.35371,6.96207
1,3,2,O-SW,1,107.15,4,0,0,67.7874,134,0,0,0,3.13831,4.46693
1,3,2,O-BW,1,191.37,4,0,0,116.642,240,5,0,0,3.66317,5.54015
1,3,2,ET+SW,1,105.65,4,0,0,67.2124,133,0,0,0,3.54189,5.48728
1,3,2,ET+BW,1,136.75,2,0,0,77.5874,171,2,0,0,4.22746,5.87419
1,3,2,SW+BW,1,393.44,9,0,0,173.32,492,20,0,0,4.71054,11.7087
1,3,3,PF-ET,1,55.63,1,0,0,43.5075,279,0,0,0,2.94018,4.89739
1,3,3,F-ET,1,61.81,6,0,0,50.1025,310,0,0,0,2.35571,4.10597
1,3,3,SH,0,600,8,0,0,241.8,750,36,0,0,4.95005,9.74731
1,3,3,O-ET,1,62.09,4,0,0,51.3225,78,0,0,0,2.98581,4.5236
1,3,3,O-SW,1,398.86,12,0,0,195.86,499,0,0,0,3.09335,6.67092
1,3,3,O-BW,1,199.43,7,0,0,101.257,250,6,0,0,3.89003,8.14392
1,3,3,ET+SW,1,295.77,8,0,0,144.542,370,0,0,0,3.59519,5.25252
1,3,3,ET+BW,1,212.26,6,0,0,108.13,266,9,0,0,3.9273,6.88852
1,3,3,SW+BW,0,600,20,0,0,274.8,750,33,0,0,4.78527,22.2332
1,3,4,PF-ET,1,55.01,0,0,0.0401106,47.6025,276,0,0,0,2.41166,4.13886
1,3,4,F-ET,1,55.1,2,0,0,47.275,276,0,0,0,2.19898,3.22911
1,3,4,SH,1,376.37,7,0,0,184.17,471,16,0,0,5.41736,10.3463
1,3,4,O-ET,1,70.34,6,0,0,61.785,88,0,0,0,2.17526,3.43489
1,3,4,O-SW,1,267.55,2,0,0,130.287,335,0,0,0,3.14268,5.1248
1,3,4,O-BW,1,239.64,5,0,0,128.33,300,8,0,0,3.68847,5.58399
1,3,4,ET+SW,0,600,9,0,0,273.4,750,0,0,0,3.40082,6.41811
1,3,4,ET+BW,1,158.89,1,0,0,90.5674,199,6,0,0,4.11899,7.17771
1,3,4,SW+BW,1,528.19,17,0,0,239.247,661,30,0,0,4.77644,9.09952
1,3,5,PF-ET,1,50.17,0,0,0.213544,45.585,251,0,0,0,2.75111,6.32083
1,3,5,F-ET,1,49.4,0,0,0.223318,45.1,247,0,0,0,2.37747,5.19571
1,3,5,SH,1,314.29,4,0,0,156.745,393,15,0,0,5.017,15.0842
1,3,5,O-ET,1,52.22,1,0,0,46.42,66,0,0,0,2.60437,4.58427
1,3,5,O-SW,1,131.34,5,0,0,73.6349,165,0,0,0,3.75104,5.30224
1,3,5,O-BW,1,205.97,2,0,0,104.092,258,8,0,0,3.99556,7.81223
1,3,5,ET+SW,1,314.84,9,0,0,170.51,394,0,0,0,3.48359,5.15856
1,3,5,ET+BW,1,204.24,2,0,0,114.52,256,8,0,0,3.81885,5.64881
1,3,5,SW+BW,1,314.95,6,0,0,156.337,394,13,0,0,5.06733,10.4653
1,4,0,PF-ET,1,30.59,0,0,0.0810632,28.6975,153,0,0,0,2.6669,3.92755
1,4,0,F-ET,1,31.75,1,0,0,28.5375,159,0,0,0,2.43959,3.42784
1,4,0,SH,1,263.03,5,0,0,112.557,329,15,0,0,5.31503,10.9447
1,4,0,O-ET,1,34.58,1,0,0,28.845,44,0,0,0,2.57104,4.21359
1,4,0,O-SW,1,160.56,6,0,0,84.6199,201,0,0,0,3.07759,4.99191
1,4,0,O-BW,1,221.38,9,0,0,92.0349,277,14,0,0,4.07093,12.1561
1,4,0,ET+SW,1,177.14,4,0,0,85.1399,222,0,0,0,3.76823,7.34681
1,4,0,ET+BW,1,148.9,8,0,0,71.2999,187,7,0,0,4.3181,6.81508
1,4,0,SW+BW,1,526.73,16,0,0,231.73,659,31,0,0,5.34363,12.406
1,4,1,PF-ET,1,47.32,0,0,0.075615,38.58,237,0,0,0,2.64228,4.64261
1,4,1,F-ET,1,45.19,0,0,0.0320805,38.0975,226,0,0,0,2.11798,2.81487
1,4,1,SH,1,197.89,2,0,0,102.672,248,8,0,0,5.56678,8.94518
1,4,1,O-ET,1,47.86,1,0,0,39.965,60,0,0,0,2.13977,2.74142
1,4,1,O-SW,1,127.63,3,0,0,62.5074,160,0,0,0,3.96677,5.81195
1,4,1,O-BW,1,151.19,4,0,0,78.5974,189,7,0,0,3.84035,8.38793
1,4,1,ET+SW,1,173.78,1,0,0,95.5349,218,0,0,0,3.27479,5.63274
1,4,1,ET+BW,1,202.74,4,0,0,107.885,254,7,0,0,4.30678,8.01059
1,4,1,SW+BW,1,205.78,0,0,0.0790089,99.0449,258,12,0,0,4.8946,9.00377
1,4,2,PF-ET,1,34.1,0,0,0.0751791,29.825,171,0,0,0,2.87251,5.10346
1,4,2,F-ET,1,32.52,2,0,0,29.73,163,0,0,0,2.24926,3.79608
1,4,2,SH,1,132.57,2,0,0,67.7424,166,5,0,0,5.10858,8.77894
1,4,2,O-ET,1,32.72,5,0,0,30.58,41,0,0,0,2.209,2.97581
1,4,2,O-SW,1,179.33,8,0,0,85.4324,225,0,0,0,3.25322,5.15824
1,4,2,O-BW,1,131.07,4,0,0,72.1349,164,5,0,0,4.07858,8.91557
1,4,2,ET+SW,1,129.1,2,0,0,65.6749,162,0,0,0,3.32352,4.93519
1,4,2,ET+BW,1,123.65,2,0,0,61.7124,155,6,0,0,4.24943,7.282
1,4,2,SW+BW,1,359.56,5,0,0,159.78,450,19,0,0,5.08779,8.64562
1,4,3,PF-ET,1,37.8,0,0,0.0551656,33.65,189,0,0,0,3.07121,5.97957
1,4,3,F-ET,1,38.5,0,0,0.0182425,33.675,193,0,0,0,2.8257,4.44222
1,4,3,SH,1,159.2,3,0,0,73.9999,199,10,0,0,5.52426,13.8367
1,4,3,O-ET,1,37.38,3,0,0,33.945,47,0,0,0,2.65185,4.77594
1,4,3,O-SW,1,167.48,7,0,0,98.2699,210,0,0,0,3.19217,4.84006
1,4,3,O-BW,1,272.64,7,0,0,153.28,341,10,0,0,3.90223,6.53659
1,4,3,ET+SW,1,90.66,2,0,0,50.7299,114,0,0,0,3.71852,5.32074
1,4,3,ET+BW,1,133.17,2,0,0,69.0924,167,5,0,0,4.40149,7.95222
1,4,3,SW+BW,1,297.91,3,0,0,127.077,373,19,0,0,4.87067,12.2123
1,4,4,PF-ET,1,40.65,0,0,0.0846092,29.7625,204,0,0,0,2.48483,4.97177
1,4,4,F-ET,1,39.17,1,0,0,30.8425,196,0,0,0,2.38142,4.30998
1,4,4,SH,1,281,1,0,0,133.25,352,15,0,0,5.31271,9.00184
1,4,4,O-ET,1,32.37,3,0,0,29.2925,41,0,0,0,2.2826,2.92679
1,4,4,O-SW,1,187.59,4,0,0,85.4974,235,0,0,0,3.1202,5.01124
1,4,4,O-BW,1,137.38,6,0,0,66.1449,172,7,0,0,4.01228,6.46533
1,4,4,ET+SW,1,124.67,1,0,0,66.1349,156,0,0,0,3.56641,5.37951
1,4,4,ET+BW,1,105.74,2,0,0,54.9049,133,5,0,0,4.33026,12.1369
1,4,4,SW+BW,1,222.91,4,0,0,108.455,279,11,0,0,4.82615,9.3559
1,4,5,PF-ET,1,32.9,0,0,0.0976425,29.025,165,0,0,0,3.02326,5.62974
1,4,5,F-ET,1,34.08,2,0,0,28.52,171,0,0,0,2.45814,3.17291
1,4,5,SH,1,346.23,9,0,0,162.157,433,17,0,0,5.01823,10.3012
1,4,5,O-ET,1,34.81,4,0,0,28.7025,44,0,0,0,2.42479,2.96444
1,4,5,O-SW,1,113.57,1,0,0,66.7924,142,0,0,0,3.31618,5.6499
1,4,5,O-BW,1,229.94,10,0,0,108.885,288,12,0,0,4.05192,8.82961
1,4,5,ET+SW,1,208.41,4,0,0,100.902,261,0,0,0,3.30515,5.47169
1,4,5,ET+BW,1,210.2,1,0,0,108.95,263,9,0,0,4.24469,7.41731
1,4,5,SW+BW,1,208.7,4,0,0,89.7749,261,13,0,0,4.83648,10.4489
1,5,0,PF-ET,1,56.06,0,0,0.0255956,38.415,281,0,0,0,2.57576,4.74355
1,5,0,F-ET,1,54.39,1,0,0,38.9475,272,0,0,0,2.34831,17.6082
1,5,0,SH,0,600,9,0,0,259.2,750,37,0,0,4.76769,8.73292
1,5,0,O-ET,1,65.04,7,0,0,48.86,82,0,0,0,2.32549,3.16102
1,5,0,O-SW,1,124.17,4,0,0,62.4424,156,0,0,0,3.03339,3.94481
1,5,0,O-BW,1,162.6,3,0,0,75.3999,204,9,0,0,3.89036,7.90518
1,5,0,ET+SW,1,134.31,1,0,0,70.5774,168,0,0,0,3.44026,6.8789
1,5,0,ET+BW,1,149.34,5,0,0,72.5399,187,9,0,0,4.10719,7.12622
1,5,0,SW+BW,0,600,12,0,0,265.8,750,32,0,0,4.67927,22.1609
1,5,1,PF-ET,1,47.11,0,0,0.0271662,36.0775,236,0,0,0,2.70318,3.74721
1,5,1,F-ET,1,51.04,3,0,0,36.01,256,0,0,0,2.3982,3.26522
1,5,1,SH,0,600,7,0,0,253.8,750,35,0,0,4.4276,8.82126
1,5,1,O-ET,1,62.64,4,0,0,46.26,79,0,0,0,2.30576,3.00765
1,5,1,O-SW,1,197.34,6,0,0,97.3349,247,0,0,0,3.29159,5.68436
1,5,1,O-BW,1,184.97,5,0,0,97.6849,232,9,0,0,3.83119,7.55061
1,5,1,ET+SW,1,286.62,2,0,0,126.765,359,0,0,0,3.27967,5.35119
1,5,1,ET+BW,1,229.06,8,0,0,96.0649,287,13,0,0,3.88318,8.5695
1,5,1,SW+BW,0,600,29,0,0,257,750,36,0,0,4.54793,15.7799
1,5,2,PF-ET,1,50.4,0,0,0.0477487,40.25,252,0,0,0,2.57805,4.64253
1,5,2,F-ET,1,63.58,2,0,0,47.045,318,0,0,0,2.28238,4.08229
1,5,2,SH,1,196.2,7,0,0,86.2499,246,10,0,0,5.26578,14.5914
1,5,2,O-ET,1,62.79,3,0,0,50.0975,79,0,0,0,2.30594,3.18691
1,5,2,O-SW,1,559.08,17,0,0,242.97,699,0,0,0,3.24541,8.3691
1,5,2,O-BW,1,228.86,11,0,0,124.415,287,9,0,0,3.97444,9.52849
1,5,2,ET+SW,1,365.38,11,0,0,168.145,457,0,0,0,3.45381,9.58725
1,5,2,ET+BW,1,185.49,3,0,0,95.9449,232,9,0,0,4.04378,7.07017
1,5,2,SW+BW,0,600,15,0,0,267.6,750,38,0,0,4.79556,8.84664
1,5,3,PF-ET,1,50.65,0,0,0.061578,35.3625,254,0,0,0,2.90837,5.82022
1,5,3,F-ET,1,50.88,2,0,0,35.62,255,0,0,0,2.39163,5.70821
1,5,3,SH,1,291.24,0,0,0.0790906,140.43,365,15,0,0,4.59322,9.52028
1,5,3,O-ET,1,59,2,0,0,43.15,74,0,0,0,2.39353,3.08248
1,5,3,O-SW,1,142.11,2,0,0,76.3274,178,0,0,0,3.27213,6.35442
1,5,3,O-BW,1,378.75,13,0,0,168.375,474,21,0,0,3.43604,7.77947
1,5,3,ET+SW,1,148.56,2,0,0,78.4199,186,0,0,0,3.76337,6.82269
1,5,3,ET+BW,1,284.88,5,0,0,135.82,357,14,0,0,4.15707,16.6321
1,5,3,SW+BW,0,600,5,0,0,254.6,750,36,0,0,4.43457,7.91304
1,5,4,PF-ET,1,58.61,0,0,0.0590192,43.0525,294,0,0,0,2.47704,4.44009
1,5,4,F-ET,1,65.67,2,0,0,44.7675,329,0,0,0,2.19572,3.18776
1,5,4,SH,1,367.35,8,0,0,156.637,460,21,0,0,4.8275,9.62036
1,5,4,O-ET,1,68.03,2,0,0,47.2075,86,0,0,0,2.77298,4.85178
1,5,4,O-SW,1,128.59,2,0,0,65.0949,161,0,0,0,3.11391,4.83955
1,5,4,O-BW,1,235.78,6,0,0,123.345,295,11,0,0,3.76753,7.31397
1,5,4,ET+SW,1,232.23,3,0,0,112.057,291,0,0,0,3.18087,4.83499
1,5,4,ET+BW,1,129.03,3,0,0,69.3724,162,4,0,0,4.11613,6.27245
1,5,4,SW+BW,0,600,11,0,0,269.6,750,37,0,0,4.62598,9.13145
1,5,5,PF-ET,1,60.58,0,0,0.0493688,43.295,303,0,0,0,2.60215,4.7931
1,5,5,F-ET,1,70.37,7,0,0,44.4925,352,0,0,0,2.29574,3.26871
1,5,5,SH,1,429.69,5,0,0,187.69,538,24,0,0,4.64917,9.48801
1,5,5,O-ET,1,65.09,6,0,0,48.4725,82,0,0,0,2.35799,3.60445
1,5,5,O-SW,0,600,13,0,0,274,750,0,0,0,3.0491,5.7327
1,5,5,O-BW,1,187.5,7,0,0,95.8999,235,9,0,0,3.66409,7.11602
1,5,5,ET+SW,1,226.8,3,0,0,108.5,284,0,0,0,3.49492,6.38615
1,5,5,ET+BW,1,309.11,8,0,0,146.477,387,16,0,0,3.73441,6.07996
1,5,5,SW+BW,0,600,9,0,0,256.8,750,35,0,0,4.43555,10.2341
2,1,0,PF-ET,1,30.3,0,0,0.0373307,28.725,152,0,0,0,2.21876,3.28252
2,1,0,F-ET,1,30.85,0,0,0.129197,28.7125,155,0,0,0,2.26927,21.8515
2,1,0,SH,1,61.52,0,0,0.0850148,43.58,77,1,0,0,6.06246,8.94024
2,1,0,O-ET,1,31.09,0,0,0.144671,28.945,39,0,0,0,2.14764,2.65878
2,1,0,O-SW,1,119.42,9,0,0,91.0549,150,0,0,0,3.38929,4.85081
2,1,0,O-BW,1,115.92,6,0,0,83.3799,145,2,0,0,4.11826,7.40157
2,1,0,ET+SW,1,121.74,1,0,0,74.5399,153,0,0,0,3.41929,4.3003
2,1,0,ET+BW,1,160.97,2,0,0,104.485,202,3,0,0,4.42678,6.47167
2,1,0,SW+BW,1,175.88,5,0,0,117.34,220,3,0,0,5.647,8.68123
2,1,1,PF-ET,1,28.33,0,0,0.0683647,26.0825,142,0,0,0,2.09721,3.27924
2,1,1,F-ET,1,28.32,0,0,0.0011569,26.03,142,0,0,0,2.21586,4.17464
2,1,1,SH,1,62.49,0,0,0.0499604,45.8225,79,0,0,0,6.76501,9.61072
2,1,1,O-ET,1,30.06,1,0,0,26.115,38,0,0,0,1.95388,2.25041
2,1,1,O-SW,1,62.84,3,0,0,48.71,79,0,0,0,3.4289,4.69856
2,1,1,O-BW,1,61.8,2,0,0,49.05,78,0,0,0,4.69769,10.5234
2,1,1,ET+SW,1,61.5,0,0,0.213229,46.375,77,0,0,0,3.83523,5.18239
2,1,1,ET+BW,1,62.49,0,0,0.0499604,45.8225,79,0,0,0,4.97744,6.56672
2,1,1,SW+BW,1,62.15,2,0,0,48.1375,78,0,0,0,6.49898,9.34428
2,1,2,PF-ET,1,28.65,0,0,0.0443867,26.0625,144,0,0,0,1.96246,3.10253
2,1,2,F-ET,1,29.12,0,0,0.0696098,27.11,146,0,0,0,1.92366,2.40425
2,1,2,SH,1,47.67,1,0,0,36.3175,60,0,0,0,7.55417,10.2955
2,1,2,O-ET,1,30.48,1,0,0,26.28,39,0,0,0,1.90312,2.38342
2,1,2,O-SW,1,109.7,9,0,0,77.6249,138,0,0,0,3.52424,5.21867
2,1,2,O-BW,1,44.4,0,0,0.0216506,33.8,56,0,0,0,4.95302,6.40196
2,1,2,ET+SW,1,57.06,0,0,0.108784,40.33,72,0,0,0,4.11455,5.40073
2,1,2,ET+BW,1,44.81,1,0,0,35.2025,57,0,0,0,5.81781,9.69558
2,1,2,SW+BW,1,44.4,0,0,0.0216506,33.8,56,0,0,0,6.93566,8.40406
2,1,3,PF-ET,1,30.65,0,0,0.100889,29.0125,154,0,0,0,2.08446,4.50464
2,1,3,F-ET,1,31.15,0,0,0.106289,29.2375,156,0,0,0,1.9249,2.29331
2,1,3,SH,1,135.65,1,0,0,86.5124,170,4,0,0,5.37807,8.85439
2,1,3,O-ET,1,32.83,0,0,0.219067,29.0075,42,0,0,0,1.94149,2.23839
2,1,3,O-SW,1,134.83,2,0,0,86.7074,169,0,0,0,2.83432,4.01639
2,1,3,O-BW,1,85.36,3,0,0,70.3399,107,0,0,0,4.35894,6.15346
2,1,3,ET+SW,1,136.08,1,0,0,83.0199,171,0,0,0,3.12114,5.09874
2,1,3,ET+BW,1,76.82,0,0,0.168624,55.405,97,1,0,0,4.47016,6.01683
2,1,3,SW+BW,1,85.36,3,0,0,70.3399,107,0,0,0,6.43413,11.1819
2,1,4,PF-ET,1,27.16,0,0,0.0864638,25.24,136,0,0,0,2.51291,4.23949
2,1,4,F-ET,1,27.16,0,0,0.0864638,25.24,136,0,0,0,2.85053,4.52374
2,1,4,SH,1,97.85,0,0,0.0466195,79.4624,123,0,0,0,7.54113,9.29895
2,1,4,O-ET,1,27.36,0,0,0.0505873,25.44,35,0,0,0,2.42002,2.66316
2,1,4,O-SW,1,214.52,9,0,0,158.03,269,0,0,0,3.75358,5.72632
2,1,4,O-BW,1,101.33,2,0,0,79.1974,127,0,0,0,5.30932,6.6242
2,1,4,ET+SW,1,215.53,3,0,0,165.682,270,0,0,0,4.03321,5.85191
2,1,4,ET+BW,1,97.85,0,0,0.0466195,79.4624,123,0,0,0,6.18785,9.54029
2,1,4,SW+BW,1,100.89,2,0,0,79.4449,127,0,0,0,7.32261,9.83981
2,1,5,PF-ET,1,30.26,0,0,0.0856492,27.165,152,0,0,0,2.65742,10.9155
2,1,5,F-ET,1,30.62,1,0,0,27.055,154,0,0,0,2.21368,3.85113
2,1,5,SH,1,70.12,1,0,0,45.33,88,2,0,0,5.14632,7.92271
2,1,5,O-ET,1,30.03,1,0,0,27.7075,38,0,0,0,2.18357,2.53218
2,1,5,O-SW,1,52.6,3,0,0,44.55,66,0,0,0,2.84466,3.67335
2,1,5,O-BW,1,53.2,2,0,0,43.5,67,0,0,0,3.70509,4.91866
2,1,5,ET+SW,1,70.36,2,0,0,49.98,88,0,0,0,3.63655,5.51344
2,1,5,ET+BW,1,61.26,1,0,0,44.43,77,0,0,0,4.091,8.87949
2,1,5,SW+BW,1,54.1,2,0,0,43.725,68,0,0,0,5.51062,7.73666
2,2,0,PF-ET,1,46.87,0,0,0.0361577,35.8675,235,0,0,0,2.55483,5.73789
2,2,0,F-ET,1,33.24,0,0,0.0543421,29.34,167,0,0,0,2.25004,3.19717
2,2,0,SH,1,195.31,3,0,0,86.8274,245,10,0,0,5.31198,8.72802
2,2,0,O-ET,1,53.88,2,0,0,43.67,68,0,0,0,2.14638,2.93821
2,2,0,O-SW,1,110.34,7,0,0,67.5699,138,0,0,0,3.22805,4.90446
2,2,0,O-BW,1,102.64,6,0,0,57.66,129,4,0,0,4.28652,23.9434
2,2,0,ET+SW,1,106.81,0,0,0.0163241,60.3024,134,0,0,0,3.7065,5.16313
2,2,0,ET+BW,1,128.37,3,0,0,67.1699,161,6,0,0,4.50854,8.18582
2,2,0,SW+BW,1,106.4,6,0,0,55.9999,133,5,0,0,6.21579,10.4239
2,2,1,PF-ET,1,28.77,0,0,0.0643188,26.1425,144,0,0,0,2.87989,5.84368
2,2,1,F-ET,1,31.05,0,0,0.149634,26.1625,156,0,0,0,2.38791,4.05936
2,2,1,SH,1,194.54,0,0,0.146272,81.8349,244,13,0,0,4.93564,8.55488
2,2,1,O-ET,1,28.29,0,0,0.175471,26.0725,36,0,0,0,2.42324,3.17846
2,2,1,O-SW,1,64.02,2,0,0,35.605,81,0,0,0,3.21271,4.41889
2,2,1,O-BW,1,92.6,1,0,0,40.1,116,6,0,0,4.08805,6.54312
2,2,1,ET+SW,1,72.23,1,0,0,47.0575,91,0,0,1,3.31414,8.87427
2,2,1,ET+BW,1,90.91,1,0,0,41.055,114,6,0,0,4.21423,6.69333
2,2,1,SW+BW,0,600,25,0,0,290.2,750,31,0,0,5.38629,10.9079
2,2,2,PF-ET,1,26.71,0,0,0.0416947,25.105,134,0,0,0,2.92969,4.3788
2,2,2,F-ET,1,27.69,1,0,0,25.245,139,0,0,0,2.41732,3.70117
2,2,2,SH,1,211.88,1,0,0,88.2799,265,14,0,0,4.89966,8.67881
2,2,2,O-ET,1,31.69,3,0,0,25.5225,40,0,0,0,2.21212,2.76312
2,2,2,O-SW,1,95.33,2,0,0,52.0324,120,0,0,0,3.35062,4.88574
2,2,2,O-BW,1,100.21,5,0,0,49.5574,126,5,0,0,4.60267,7.12121
2,2,2,ET+SW,1,87.49,1,0,0,45.2724,110,0,0,0,3.82199,5.38287
2,2,2,ET+BW,1,153.93,2,0,0,72.8474,193,8,0,0,4.91629,8.92637
2,2,2,SW+BW,1,281.96,9,0,0,128.29,353,16,0,0,5.89308,15.5669
2,2,3,PF-ET,1,31.6,0,0,0.0456748,27.35,158,0,0,0,2.81382,5.74445
2,2,3,F-ET,1,36.09,0,0,0.0307984,27.5225,181,0,0,0,2.82812,4.36697
2,2,3,SH,1,275.55,3,0,0,118.15,345,15,0,0,6.98767,13.541
2,2,3,O-ET,1,31.84,0,0,0.0996131,27.76,40,0,0,0,2.52771,2.7641
2,2,3,O-SW,1,69.93,3,0,0,52.3649,88,0,0,0,3.46589,19.0745
2,2,3,O-BW,1,102.59,6,0,0,47.1425,129,6,0,0,4.77104,8.42178
2,2,3,ET+SW,1,72.56,1,0,0,47.7399,91,0,0,0,4.41737,8.08301
2,2,3,ET+BW,1,116.82,1,0,0,50.205,147,8,0,0,4.66009,6.59226
2,2,3,SW+BW,1,264.35,13,0,0,92.5499,331,21,0,0,5.63853,10.3865
2,2,4,PF-ET,1,35.84,0,0,0.0736738,30.81,180,0,0,0,2.42891,5.22455
2,2,4,F-ET,1,34.62,0,0,0.0881041,30.955,174,0,0,0,2.19321,5.85739
2,2,4,SH,1,188.84,3,0,0,83.4099,237,11,0,0,5.03056,11.9255
2,2,4,O-ET,1,33.94,0,0,0.0880206,30.885,43,0,0,0,2.48245,4.9311
2,2,4,O-SW,1,110.73,4,0,0,52.8825,139,0,0,0,3.15779,4.57162
2,2,4,O-BW,1,147.12,9,0,0,74.1599,184,9,0,0,4.5138,6.56333
2,2,4,ET+SW,1,122.41,2,0,0,65.2049,154,0,0,0,3.3681,5.22168
2,2,4,ET+BW,1,132.16,3,0,0,53.2399,166,10,0,0,4.09979,7.54465
2,2,4,SW+BW,1,287.48,10,0,0,125.94,360,16,0,0,4.39596,8.19657
2,2,5,PF-ET,1,34.48,0,0,0.0723881,31.42,173,0,0,0,2.15219,3.32049
2,2,5,F-ET,1,33.97,2,0,0,31.1925,170,0,0,0,1.95401,3.05756
2,2,5,SH,1,187.67,0,0,0.452289,67.6699,235,14,0,0,4.29233,7.72407
2,2,5,O-ET,1,33.17,1,0,0,31.2925,42,0,0,0,2.02642,2.41422
2,2,5,O-SW,1,85.74,1,0,0,42.54,108,0,0,0,2.8073,4.66618
2,2,5,O-BW,1,159.85,1,0,0,54.6499,200,13,0,0,3.46839,5.96087
2,2,5,ET+SW,1,104.57,1,0,0,61.8849,131,0,0,0,3.47527,5.07934
2,2,5,ET+BW,1,162.1,0,0,0.133216,65.4999,203,12,0,0,4.06026,8.30011
2,2,5,SW+BW,1,316.24,15,0,0,135.78,396,22,0,0,5.16545,11.7084
2,3,0,PF-ET,1,57.03,0,0,0.0599126,51.2075,286,0,0,0,2.7067,7.26967
2,3,0,F-ET,1,58.7,0,0,0.0458491,52.925,294,0,0,0,2.40956,5.74387
2,3,0,SH,1,387.1,2,0,0,184.175,484,21,0,0,5.16392,24.9096
2,3,0,O-ET,1,59.48,1,0,0,54.27,75,0,0,0,2.13806,2.78478
2,3,0,O-SW,1,165.21,6,0,0,102.502,207,0,0,0,3.03468,6.73273
2,3,0,O-BW,1,289.35,17,0,0,174.337,362,8,0,0,3.61687,6.83565
2,3,0,ET+SW,1,208.48,1,0,0,102.52,261,0,0,0,3.47525,5.01194
2,3,0,ET+BW,1,386.76,6,0,0,226.69,484,10,0,2,4.13072,11.2245
2,3,0,SW+BW,1,386.35,19,0,0,205.975,483,17,0,0,4.64668,7.29133
2,3,1,PF-ET,1,57.61,0,0,0.0640508,47.3525,289,0,0,0,2.55488,5.77215
2,3,1,F-ET,1,58.04,2,0,0,46.61,291,0,0,0,2.18536,3.99183
2,3,1,SH,1,312.97,5,0,0,163.442,392,14,0,0,5.21726,10.2207
2,3,1,O-ET,1,59.44,2,0,0,51.06,75,0,0,0,2.25052,2.94264
2,3,1,O-SW,1,118.83,6,0,0,71.9224,149,0,0,0,3.4097,6.00544
2,3,1,O-BW,1,206.96,4,0,0,108.56,259,7,0,0,3.70309,5.41043
2,3,1,ET+SW,1,119.95,1,0,0,75.7624,150,0,0,0,3.47612,6.19115
2,3,1,ET+BW,1,215.75,5,0,0,117.737,270,8,0,0,3.92897,6.17894
2,3,1,SW+BW,1,215.58,10,0,0,123.695,270,6,0,0,4.94677,7.9748
2,3,2,PF-ET,1,57.36,0,0,0.0514876,52.74,287,0,0,0,2.59549,3.92708
2,3,2,F-ET,1,57.89,2,0,0,52.2225,290,0,0,0,2.38551,3.18458
2,3,2,SH,1,472.87,7,0,0,249.07,592,20,0,0,5.05605,12.0529
2,3,2,O-ET,1,61.57,2,0,0,56.585,77,0,0,0,2.33883,2.83844
2,3,2,O-SW,1,232.58,9,0,0,149.545,291,0,0,0,3.1315,7.10236
2,3,2,O-BW,1,234.29,8,0,0,138.09,293,6,0,0,3.66432,5.65766
2,3,2,ET+SW,1,375.39,7,0,0,199.847,470,0,0,0,3.36357,6.8288
2,3,2,ET+BW,1,288.4,3,0,0,141.8,361,12,0,0,3.75412,7.43179
2,3,2,SW+BW,1,305.93,7,0,0,160.365,383,12,0,0,4.82848,20.0321
2,3,3,PF-ET,1,57.66,0,0,0.052887,52.28,289,0,0,0,2.35452,4.3646
2,3,3,F-ET,1,65.83,1,0,0,53.9575,330,0,0,0,2.09735,3.96809
2,3,3,SH,1,487.32,4,0,0,231.63,610,21,0,0,4.7795,7.47191
2,3,3,O-ET,1,63.5,0,0,0.0849445,57.075,80,0,0,0,2.10338,2.58168
2,3,3,O-SW,1,165.79,9,0,0,98.8949,208,0,0,0,3.01748,5.64925
2,3,3,O-BW,1,200.1,7,0,0,116.45,251,7,0,0,3.56044,4.97552
2,3,3,ET+SW,1,98.46,0,0,0.0670093,59.415,124,0,0,0,3.37735,4.84781
2,3,3,ET+BW,1,209.64,4,0,0,104.82,263,10,0,0,3.72552,5.63134
2,3,3,SW+BW,1,373.25,15,0,0,189.112,467,16,0,0,4.48764,8.6257
2,3,4,PF-ET,1,73.81,0,0,0.0878174,61.1025,370,0,0,0,2.39657,4.77456
2,3,4,F-ET,1,68.31,0,0,0.073644,61.5775,342,0,0,0,2.20391,3.58681
2,3,4,SH,1,394.66,4,0,0,221.795,494,11,0,0,4.89212,7.91217
2,3,4,O-ET,1,69.1,2,0,0,62.475,87,0,0,0,2.26511,3.04999
2,3,4,O-SW,1,99.11,2,0,0,69.5775,124,0,0,0,3.08835,4.43314
2,3,4,O-BW,1,209.37,7,0,0,127.742,262,6,0,0,3.77425,5.19781
2,3,4,ET+SW,1,101.42,1,0,0,74.9099,127,0,0,0,3.41521,4.86873
2,3,4,ET+BW,1,143.1,2,0,0,83.1499,179,4,0,0,3.87368,5.50716
2,3,4,SW+BW,1,164.03,3,0,0,99.2074,206,6,0,0,4.53345,7.02681
2,3,5,PF-ET,1,54.68,0,0,0.0361573,49.27,274,0,0,0,2.51697,3.49168
2,3,5,F-ET,1,54.4,2,0,0,46.75,272,0,0,0,2.30289,3.17457
2,3,5,SH,1,178.32,2,0,0,90.3399,223,7,0,0,5.40816,8.68522
2,3,5,O-ET,1,56.83,4,0,0,48.8075,72,0,0,0,2.34626,2.96974
2,3,5,O-SW,1,169.39,3,0,0,84.2949,212,0,0,0,3.17556,4.27503
2,3,5,O-BW,1,240.29,8,0,0,138.672,301,9,0,0,3.87568,19.9693
2,3,5,ET+SW,1,155.29,1,0,0,82.4674,195,0,0,0,3.60291,8.09378
2,3,5,ET+BW,1,132.25,4,0,0,77.5249,166,5,0,0,4.08274,5.64728
2,3,5,SW+BW,0,600,19,0,0,321,750,23,0,0,4.9564,9.95684
2,4,0,PF-ET,1,39.55,0,0,0.0316971,35.4875,198,0,0,0,2.70576,4.33735
2,4,0,F-ET,1,40.35,1,0,0,32.6375,202,0,0,0,2.58955,4.43874
2,4,0,SH,1,283.53,5,0,0,142.73,355,9,0,0,6.16102,12.3935
2,4,0,O-ET,1,39.76,1,0,0,35.94,50,0,0,0,2.52893,3.4026
2,4,0,O-SW,1,112.64,3,0,0,72.5199,141,0,0,0,3.53074,6.64964
2,4,0,O-BW,1,193.46,7,0,0,101.165,242,9,0,0,4.34811,11.5536
2,4,0,ET+SW,1,116.81,0,0,0.246926,70.4024,147,0,0,0,3.57534,5.86253
2,4,0,ET+BW,1,253.43,5,0,0,133.557,317,11,0,0,4.36375,6.77645
2,4,0,SW+BW,1,330.03,18,0,0,166.815,413,16,0,0,5.40938,12.4278
2,4,1,PF-ET,1,40.87,0,0,0.0242991,35.2175,205,0,0,0,2.54231,4.58348
2,4,1,F-ET,1,40.84,2,0,0,34.27,205,0,0,0,2.35164,3.99416
2,4,1,SH,1,546.83,8,0,0,280.615,684,24,0,0,5.33743,11.6133
2,4,1,O-ET,1,38.51,4,0,0,34.0275,49,0,0,0,2.41716,2.75063
2,4,1,O-SW,1,180.55,4,0,0,91.6749,226,0,0,0,3.37196,6.21913
2,4,1,O-BW,1,209.03,8,0,0,109.43,262,7,0,0,4.27275,8.12432
2,4,1,ET+SW,1,180.43,4,0,0,112.215,226,0,0,0,3.8727,7.38299
2,4,1,ET+BW,1,265.1,5,0,0,148.075,332,10,0,0,4.39401,7.23814
2,4,1,SW+BW,0,600,40,0,0,309,750,25,0,0,4.8627,11.7621
2,4,2,PF-ET,1,37.24,0,0,0.098468,32.21,187,0,0,0,2.47485,3.68358
2,4,2,F-ET,1,36.79,0,0,0.0803947,32.4475,184,0,0,0,2.23219,6.20867
2,4,2,SH,1,220.9,3,0,0,127.425,277,10,0,0,5.3123,9.00951
2,4,2,O-ET,1,35.43,2,0,0,31.8575,45,0,0,0,2.30129,3.13108
2,4,2,O-SW,1,241.39,12,0,0,143.947,302,0,0,0,3.08199,4.74797
2,4,2,O-BW,1,231.5,11,0,0,131.475,290,10,0,0,4.14546,9.74263
2,4,2,ET+SW,1,259.15,9,0,0,141.375,324,0,0,0,3.83341,7.5389
2,4,2,ET+BW,1,171.44,3,0,0,82.0599,215,9,0,0,4.18424,7.66652
2,4,2,SW+BW,1,400.97,11,0,0,202.842,502,19,0,0,4.9194,9.41235
2,4,3,PF-ET,1,33.53,0,0,0.0890247,29.7825,168,0,0,0,3.12343,6.5362
2,4,3,F-ET,1,33.5,0,0,0.0890247,29.675,168,0,0,0,2.56985,7.13196
2,4,3,SH,1,362.37,6,0,0,210.185,453,13,0,0,5.63134,11.1717
2,4,3,O-ET,1,34.72,1,0,0,30.28,44,0,0,0,2.69252,3.31608
2,4,3,O-SW,1,70.05,2,0,0,48.7124,88,0,0,0,3.40853,7.31316
2,4,3,O-BW,1,183.58,13,0,0,107.295,230,6,0,0,4.39656,9.95786
2,4,3,ET+SW,1,70.89,1,0,0,48.9224,89,0,0,0,3.70373,5.72697
2,4,3,ET+BW,1,231.27,6,0,0,120.417,290,11,0,0,4.38961,8.74593
2,4,3,SW+BW,1,546.21,24,0,0,318.952,683,17,0,0,4.99467,8.86871
2,4,4,PF-ET,1,39.39,0,0,0.0421117,30.1475,197,0,0,0,2.35533,7.73585
2,4,4,F-ET,1,37.25,0,0,0.0271647,30.1625,187,0,0,0,2.04832,2.80866
2,4,4,SH,1,258.59,4,0,0,119.695,324,13,0,0,5.10491,12.0581
2,4,4,O-ET,1,34.27,1,0,0,30.335,43,0,0,0,2.12072,2.76636
2,4,4,O-SW,1,130.51,1,0,0,66.4274,164,0,0,0,2.92494,4.32915
2,4,4,O-BW,1,108.11,2,0,0,53.0824,136,6,0,0,3.74802,5.90233
2,4,4,ET+SW,1,79.61,1,0,0,44.3025,100,0,0,0,2.94425,4.58933
2,4,4,ET+BW,1,107.83,2,0,0,52.1149,135,6,0,0,3.9418,6.34949
2,4,4,SW+BW,1,336.41,14,0,0,159.502,421,18,0,0,4.91343,10.6451
2,4,5,PF-ET,1,30.87,0,0,0.0449118,28.2175,155,0,0,0,2.24495,3.09937
2,4,5,F-ET,1,30.52,0,0,0.000359548,28.08,153,0,0,0,2.61628,5.29713
2,4,5,SH,1,450.22,8,0,0,214.31,563,22,0,0,5.30695,9.22101
2,4,5,O-ET,1,30.2,1,0,0,28.1,38,0,0,0,2.11776,2.57099
2,4,5,O-SW,1,37.42,1,0,0,30.755,47,0,0,0,2.92325,3.96326
2,4,5,O-BW,1,147.62,6,0,0,84.1049,185,4,0,0,4.22312,8.29468
2,4,5,ET+SW,1,105.12,2,0,0,59.0799,132,0,0,0,3.30344,4.59101
2,4,5,ET+BW,1,127.56,6,0,0,71.8699,160,5,0,0,4.19112,7.51733
2,4,5,SW+BW,1,422.23,21,0,0,212.357,528,18,0,0,4.89,9.32613
2,5,0,PF-ET,1,39.34,0,0,0.0501225,31.035,197,0,0,0,2.24748,4.0635
2,5,0,F-ET,1,38.42,0,0,0.0321415,30.855,193,0,0,0,2.08573,2.8629
2,5,0,SH,1,550.49,6,0,0,252.667,689,31,0,0,4.57668,10.3812
2,5,0,O-ET,1,42.02,1,0,0,33.705,53,0,0,0,2.14962,2.85753
2,5,0,O-SW,1,176.36,8,0,0,88.1599,221,0,0,0,2.93695,4.39689
2,5,0,O-BW,1,133.6,8,0,0,66.9999,167,7,0,0,3.57223,5.51938
2,5,0,ET+SW,1,256.61,6,0,0,117.905,321,0,0,0,3.12711,4.30988
2,5,0,ET+BW,1,93.13,4,0,0,49.53,117,3,0,0,4.4002,7.83225
2,5,0,SW+BW,1,345.51,17,0,0,147.777,432,22,0,0,4.61815,10.8209
2,5,1,PF-ET,1,34.61,0,0,0.112645,30.1025,174,0,0,0,2.57127,4.36761
2,5,1,F-ET,1,34.92,0,0,0.0689823,30.13,175,0,0,0,2.45599,4.32162
2,5,1,SH,0,600,6,0,0,256.2,750,36,0,0,4.36313,9.8599
2,5,1,O-ET,1,38.3,1,0,0,31.75,48,0,0,0,2.42003,3.09897
2,5,1,O-SW,1,156.7,5,0,0,74.7499,196,0,0,0,3.18288,4.84544
2,5,1,O-BW,1,106.95,6,0,0,68.9374,134,3,0,0,3.99821,6.20052
2,5,1,ET+SW,1,288.22,8,0,0,137.855,361,0,0,0,3.35044,5.9034
2,5,1,ET+BW,1,107.91,4,0,0,60.7774,135,5,0,0,4.00845,6.34483
2,5,1,SW+BW,0,600,22,0,0,315.4,750,27,0,0,4.51297,15.2139
2,5,2,PF-ET,1,57.66,0,0,0.0561879,42.115,289,0,0,0,2.76315,4.58384
2,5,2,F-ET,1,59,0,0,0.0673086,42.25,295,0,0,0,2.68436,7.36084
2,5,2,SH,1,284.06,7,0,0,122.015,356,19,0,0,5.24252,9.39036
2,5,2,O-ET,1,63.36,1,0,0,46.84,80,0,0,0,2.30809,2.81406
2,5,2,O-SW,1,254.28,14,0,0,138.77,318,0,0,0,2.86267,4.41024
2,5,2,O-BW,1,159.01,6,0,0,76.7524,199,9,0,0,3.8415,6.35037
2,5,2,ET+SW,1,192.13,5,0,0,94.2324,241,0,0,0,3.70266,6.58422
2,5,2,ET+BW,1,110,4,0,0,49.5,138,7,0,0,4.012,6.5955
2,5,2,SW+BW,1,186.01,11,0,0,92.9074,233,10,0,0,4.98663,9.66786
2,5,3,PF-ET,1,53.28,0,0,0.0795117,38.87,267,0,0,0,2.55802,3.75788
2,5,3,F-ET,1,53.03,0,0,0.10621,38.4575,266,0,0,0,2.33757,3.17065
2,5,3,SH,0,600,9,0,0,277.8,750,32,0,0,4.67672,9.21643
2,5,3,O-ET,1,59.76,6,0,0,44.14,75,0,0,0,2.31016,2.79937
2,5,3,O-SW,1,268.75,14,0,0,145.987,336,0,0,0,3.20359,5.93446
2,5,3,O-BW,1,148.46,7,0,0,80.9149,186,8,0,0,3.46138,5.79106
2,5,3,ET+SW,1,154.78,4,0,0,82.9799,194,0,0,0,3.20695,5.30066
2,5,3,ET+BW,1,130.01,7,0,0,73.5024,163,6,0,0,3.96817,6.77051
2,5,3,SW+BW,1,270.47,11,0,0,126.217,339,17,0,0,4.61343,8.1523
2,5,4,PF-ET,1,32.54,0,0,0.0608097,30.435,163,0,0,0,2.28474,3.73054
2,5,4,F-ET,1,33.19,1,0,0,30.945,166,0,0,0,2.01852,2.36315
2,5,4,SH,1,494.76,7,0,0,207.29,619,30,0,0,4.79949,11.3459
2,5,4,O-ET,1,36.48,1,0,0,30.72,46,0,0,0,2.07907,2.76446
2,5,4,O-SW,1,125.16,8,0,0,71.7599,157,0,0,0,3.137,5.40918
2,5,4,O-BW,1,123.17,4,0,0,70.1849,154,6,0,0,3.95691,6.13799
2,5,4,ET+SW,1,280.85,3,0,0,147.012,352,0,0,0,2.96569,4.3651
2,5,4,ET+BW,1,118.53,2,0,0,50.9299,149,7,0,0,4.46347,8.00482
2,5,4,SW+BW,1,517.64,15,0,0,224.01,648,31,0,0,4.12677,8.96378
2,5,5,PF-ET,1,62.87,0,0,0.0260968,49.7675,315,0,0,0,2.51841,4.46214
2,5,5,F-ET,1,66.72,5,0,0,50.08,334,0,0,0,2.34638,3.49273
2,5,5,SH,1,334.29,3,0,0,156.572,418,16,0,0,4.60884,7.93175
2,5,5,O-ET,1,68.25,0,0,0.0208767,52.4625,86,0,0,0,2.35526,3.12361
2,5,5,O-SW,1,258.5,20,0,0,128.625,324,0,0,0,3.24032,5.71755
2,5,5,O-BW,1,207.14,6,0,0,103.57,259,10,0,0,3.85564,8.34142
2,5,5,ET+SW,1,293.74,4,0,0,142.94,368,0,0,0,3.20166,8.57713
2,5,5,ET+BW,1,82.8,1,0,0,36.1,104,5,0,0,4.68216,6.86167
2,5,5,SW+BW,1,512.97,17,0,0,244.442,642,28,0,0,4.40668,8.8011
3,1,0,PF-ET,1,57.53,0,0,0.201119,28.2912,288,0,0,0,2.26646,4.29161
3,1,0,F-ET,1,57.65,0,0,0.196656,28.3062,289,0,0,0,1.77477,2.56355
3,1,0,SH,1,116.29,5,0,0,39.5725,146,7,0,0,5.08507,8.82629
3,1,0,O-ET,1,59.52,2,0,0,29.18,75,0,0,0,1.86286,2.55858
3,1,0,O-SW,1,119.55,6,0,0,40.9875,150,0,0,0,3.45832,4.94978
3,1,0,O-BW,1,81.97,5,0,0,33.9462,103,2,0,0,3.68968,5.80168
3,1,0,ET+SW,1,116.29,5,0,0,39.5725,146,0,0,0,3.39802,7.24514
3,1,0,ET+BW,1,83.91,3,0,0,33.7775,105,2,0,0,3.92492,5.12284
3,1,0,SW+BW,1,119.55,6,0,0,40.9875,150,6,0,0,5.60414,8.55787
3,1,1,PF-ET,1,59.41,0,0,0.0334337,28.1025,298,0,0,0,2.16024,4.27578
3,1,1,F-ET,1,57.26,5,0,0,27.3225,287,0,0,0,2.02227,6.97255
3,1,1,SH,1,121.31,3,0,0,44.5912,152,4,0,0,6.97051,10.0697
3,1,1,O-ET,1,63.99,3,0,0,27.395,80,0,0,0,2.02248,2.89632
3,1,1,O-SW,1,114.42,4,0,0,44.71,144,0,0,0,4.11153,7.4398
3,1,1,O-BW,1,135.06,5,0,0,52.465,169,4,0,0,4.25441,5.81326
3,1,1,ET+SW,1,121.31,3,0,0,44.5912,152,0,0,0,4.11976,6.48222
3,1,1,ET+BW,1,89.19,0,0,0.322132,34.9975,112,3,0,0,4.7164,6.47993
3,1,1,SW+BW,1,114.42,4,0,0,44.71,144,5,0,0,6.89266,11.0307
3,1,2,PF-ET,1,58.67,0,0,0.0785971,28.0925,294,0,0,0,2.07517,3.65879
3,1,2,F-ET,1,55.74,2,0,0,27.31,279,0,0,0,1.9343,2.32389
3,1,2,SH,1,123.84,6,0,0,43.34,155,5,0,0,6.36426,9.69764
3,1,2,O-ET,1,57.33,3,0,0,27.4325,72,0,0,0,2.01084,4.07483
3,1,2,O-SW,1,118.37,1,0,0,46.885,148,0,0,0,3.82388,4.9768
3,1,2,O-BW,1,71.73,7,0,0,30.5987,90,2,0,0,4.3262,5.86063
3,1,2,ET+SW,1,123.84,6,0,0,43.34,155,0,0,0,3.89954,5.93801
3,1,2,ET+BW,1,115.2,5,0,0,37.7,144,7,0,0,4.51199,7.46924
3,1,2,SW+BW,1,118.37,1,0,0,46.885,148,3,0,0,6.59837,8.82189
3,1,3,PF-ET,1,52.37,0,0,0.0939312,25.7712,262,0,0,0,1.92463,3.38691
3,1,3,F-ET,1,52.19,1,0,0,25.8475,261,0,0,0,1.80916,5.60312
3,1,3,SH,1,67.77,3,0,0,28.7137,85,0,0,0,5.17816,9.66905
3,1,3,O-ET,1,52.39,2,0,0,25.7462,66,0,0,0,1.77422,2.13413
3,1,3,O-SW,1,70.31,1,0,0,27.5775,88,0,0,0,2.77973,3.5266
3,1,3,O-BW,1,72.99,3,0,0,30.9475,92,1,0,0,3.59037,4.70336
3,1,3,ET+SW,1,67.77,3,0,0,28.7137,85,0,0,0,3.01758,3.81491
3,1,3,ET+BW,1,67.77,3,0,0,28.7137,85,0,0,0,4.24047,6.87815
3,1,3,SW+BW,1,70.31,1,0,0,27.5775,88,2,0,0,5.29801,13.2039
3,1,4,PF-ET,1,57.07,1,0,0,28.1175,286,0,0,0,2.07331,3.66746
3,1,4,F-ET,1,57.47,4,0,0,28.2837,288,0,0,0,1.96835,2.98183
3,1,4,SH,1,131.69,6,0,0,42.3225,165,7,0,0,7.07204,12.3344
3,1,4,O-ET,1,57.82,4,0,0,28.155,73,0,0,0,1.94285,2.29637
3,1,4,O-SW,1,121.88,3,0,0,39.24,153,0,0,0,3.46327,6.66611
3,1,4,O-BW,1,101.57,5,0,0,39.685,127,4,0,0,4.23953,7.5096
3,1,4,ET+SW,1,131.69,6,0,0,42.3225,165,0,0,0,4.29329,8.47629
3,1,4,ET+BW,1,98.79,3,0,0,30.2975,124,7,0,0,4.4371,6.38475
3,1,4,SW+BW,1,121.88,3,0,0,39.24,153,7,0,0,5.75273,11.2818
3,1,5,PF-ET,1,56.79,0,0,0.0371502,27.2475,284,0,0,0,1.68588,3.29465
3,1,5,F-ET,1,55.79,2,0,0,27.2725,279,0,0,0,1.59803,2.05866
3,1,5,SH,1,111.93,4,0,0,36.665,140,7,0,0,4.11616,6.38905
3,1,5,O-ET,1,55.55,2,0,0,27.2875,70,0,0,0,1.87443,2.60684
3,1,5,O-SW,1,113.77,3,0,0,38.4212,143,0,0,0,2.73797,4.49559
3,1,5,O-BW,1,69.88,1,0,0,28.47,88,2,0,0,4.08088,5.91057
3,1,5,ET+SW,1,111.93,4,0,0,36.665,140,0,0,0,3.43203,8.13943
3,1,5,ET+BW,1,68.4,0,0,0.0619614,28.6,86,2,0,0,4.0848,5.65227
3,1,5,SW+BW,1,113.77,3,0,0,38.4212,143,5,0,0,4.46073,6.92354
3,2,0,PF-ET,1,60.91,0,0,0.0315656,28.9025,305,0,0,0,2.80624,10.5276
3,2,0,F-ET,1,61.15,0,0,0.00300088,28.9375,306,0,0,0,2.52831,4.8982
3,2,0,SH,1,280.94,18,0,0,73.1175,352,23,0,0,5.01318,9.59904
3,2,0,O-ET,1,61.38,0,0,0.266327,29.0175,77,0,0,0,2.54025,3.09596
3,2,0,O-SW,1,169.45,5,0,0,48.3625,212,0,0,0,3.42797,5.285
3,2,0,O-BW,1,132.16,9,0,0,38.54,166,10,0,0,4.10224,8.73177
3,2,0,ET+SW,1,136.01,9,0,0,40.7025,171,0,0,0,3.91977,6.24561
3,2,0,ET+BW,1,136.87,4,0,0,37.5087,172,11,0,0,4.22307,6.33639
3,2,0,SW+BW,1,232.82,4,0,0,59.705,292,20,0,0,4.83367,8.1416
3,2,1,PF-ET,1,86.26,1,0,0,34.09,432,0,0,0,2.17941,3.71122
3,2,1,F-ET,1,76.2,6,0,0,33.4,381,0,0,0,1.97581,2.92355
3,2,1,SH,1,157.43,8,0,0,39.7362,197,13,0,0,5.28856,8.6069
3,2,1,O-ET,1,76.68,3,0,0,33.755,96,0,0,0,2.04729,2.70524
3,2,1,O-SW,1,160.76,4,0,0,43.89,201,0,0,0,3.02263,4.24421
3,2,1,O-BW,1,143.94,7,0,0,40.87,180,11,0,0,3.72544,6.03966
3,2,1,ET+SW,1,106.21,2,0,0,37.2287,133,0,0,0,3.38079,5.16704
3,2,1,ET+BW,1,188.27,7,0,0,46.8012,236,15,0,0,3.67489,10.9043
3,2,1,SW+BW,1,137.35,12,0,0,40.5062,172,7,0,0,5.52441,8.36705
3,2,2,PF-ET,1,61.2,0,0,0.0773444,28.35,306,0,0,0,2.2359,3.37363
3,2,2,F-ET,1,60.6,6,0,0,29.075,303,0,0,0,2.11489,5.17035
3,2,2,SH,1,282.59,10,0,0,65.6475,354,25,0,0,4.87682,9.07737
3,2,2,O-ET,1,60.68,4,0,0,28.355,76,0,0,0,2.12119,2.58255
3,2,2,O-SW,1,202.68,5,0,0,65.67,254,0,0,0,3.02621,4.17215
3,2,2,O-BW,1,140.69,1,0,0,36.1587,176,11,0,0,3.8465,6.09788
3,2,2,ET+SW,1,201.08,12,0,0,58.77,252,0,0,0,3.61819,6.86172
3,2,2,ET+BW,1,167.09,4,0,0,43.1587,209,12,0,0,4.41695,6.61296
3,2,2,SW+BW,1,205.99,5,0,0,47.9975,258,19,0,0,4.29712,8.70946
3,2,3,PF-ET,1,67.92,1,0,0,31.655,340,0,0,0,2.4981,5.1643
3,2,3,F-ET,1,67.95,2,0,0,31.2625,340,0,0,0,2.00566,3.55663
3,2,3,SH,1,208.59,10,0,0,52.1212,261,17,0,0,5.46153,11.4238
3,2,3,O-ET,1,67.23,2,0,0,31.6075,85,0,0,0,2.06854,2.39968
3,2,3,O-SW,1,177.3,3,0,0,48.325,222,0,0,0,2.86498,8.13616
3,2,3,O-BW,1,170.26,6,0,0,42.7475,213,13,0,0,4.01171,6.42374
3,2,3,ET+SW,1,125.28,7,0,0,38.34,157,0,0,0,2.8428,4.58619
3,2,3,ET+BW,1,129.78,7,0,0,38.345,163,8,0,0,4.07887,12.1282
3,2,3,SW+BW,1,216.29,7,0,0,59.4362,271,16,0,0,5.22709,9.05444
3,2,4,PF-ET,1,70.63,0,0,0.0495864,32.8325,354,0,0,0,2.62866,5.088
3,2,4,F-ET,1,67.7,0,0,0.104964,31.85,339,0,0,0,2.37947,3.8318
3,2,4,SH,1,518.54,17,0,0,119.135,649,44,0,0,4.65752,11.5996
3,2,4,O-ET,1,71.26,2,0,0,32.915,90,0,0,0,2.38375,2.97309
3,2,4,O-SW,1,195.4,12,0,0,47.1,245,0,0,0,3.17425,4.80697
3,2,4,O-BW,1,143.28,4,0,0,35.22,180,12,0,0,3.87398,6.27365
3,2,4,ET+SW,1,233.95,15,0,0,60.8875,293,0,0,0,3.69705,5.453
3,2,4,ET+BW,1,158.58,4,0,0,44.29,199,11,0,0,3.90445,5.94401
3,2,4,SW+BW,1,174.94,7,0,0,39.7025,219,16,0,0,4.73925,22.2226
3,2,5,PF-ET,1,64.85,0,0,0.0572637,29.7875,325,0,0,0,2.92336,4.81111
3,2,5,F-ET,1,61.98,5,0,0,28.245,310,0,0,0,2.70366,4.64977
3,2,5,SH,1,183.24,2,0,0,41.91,230,16,0,0,5.95803,11.4478
3,2,5,O-ET,1,64.05,10,0,0,27.8125,81,0,0,0,2.49444,3.32867
3,2,5,O-SW,1,138.35,3,0,0,43.1875,173,0,0,0,3.45632,6.88682
3,2,5,O-BW,1,121.81,2,0,0,31.305,153,11,0,0,4.50959,8.40691
3,2,5,ET+SW,1,135.68,6,0,0,41.82,170,0,0,0,3.52461,6.75615
3,2,5,ET+BW,1,125.96,4,0,0,31.89,158,11,0,0,4.47055,6.56832
3,2,5,SW+BW,1,237.1,13,0,0,59.25,297,20,0,0,5.38699,8.53876
3,3,0,PF-ET,1,102.74,0,0,0.0106739,48.6175,514,0,0,0,2.2558,3.53534
3,3,0,F-ET,1,102.97,2,0,0,47.5675,515,0,0,0,1.99074,2.63261
3,3,0,SH,1,280.39,10,0,0,78.0975,351,19,0,0,4.71488,7.74357
3,3,0,O-ET,1,111.5,6,0,0,49.075,140,0,0,0,2.0945,3.58264
3,3,0,O-SW,1,180.99,2,0,0,49.895,227,0,0,0,2.92161,4.65783
3,3,0,O-BW,1,207.58,4,0,0,51.995,260,16,0,0,3.28982,5.06481
3,3,0,ET+SW,1,205.53,4,0,0,59.3825,257,0,0,0,3.39522,7.46925
3,3,0,ET+BW,1,187,4,0,0,58.725,234,10,0,0,3.67332,7.25218
3,3,0,SW+BW,1,348.37,17,0,0,97.6925,436,24,0,0,4.38701,7.36779
3,3,1,PF-ET,1,106.65,0,0,0.059412,50.1812,534,0,0,0,2.49975,6.42215
3,3,1,F-ET,1,106.57,0,0,0.0707802,50.2925,533,0,0,0,2.25851,4.10149
3,3,1,SH,1,274.88,9,0,0,75.52,344,20,0,0,4.82973,7.62083
3,3,1,O-ET,1,106.23,0,0,0.0592925,50.5575,133,0,0,0,2.38148,14.5417
3,3,1,O-SW,1,218.82,3,0,0,67.605,274,0,0,0,3.36689,5.64226
3,3,1,O-BW,1,284.62,9,0,0,84.2325,356,19,0,0,3.20825,4.91216
3,3,1,ET+SW,1,185.87,5,0,0,59.7675,233,0,0,0,3.37346,4.92966
3,3,1,ET+BW,1,186.31,12,0,0,58.8662,233,11,0,0,3.79894,6.42199
3,3,1,SW+BW,1,265.27,6,0,0,76.135,332,18,0,0,4.6765,9.48869
3,3,2,PF-ET,1,117.11,2,0,0,50.2525,586,0,0,0,2.23315,5.81547
3,3,2,F-ET,1,121.86,4,0,0,53.6825,610,0,0,0,2.00667,2.88298
3,3,2,SH,1,279.93,3,0,0,70.7737,350,23,0,0,4.48178,9.11416
3,3,2,O-ET,1,117.99,6,0,0,52.595,148,0,0,0,2.44046,4.61569
3,3,2,O-SW,1,268.27,6,0,0,84.635,336,0,0,0,3.11465,5.55865
3,3,2,O-BW,1,203.09,1,0,0,56.9587,254,16,0,0,3.22927,5.05355
3,3,2,ET+SW,1,232.87,5,0,0,73.7087,292,0,0,0,3.23072,6.96167
3,3,2,ET+BW,1,220.23,6,0,0,64.0287,276,15,0,0,3.60165,7.24182
3,3,2,SW+BW,1,331.76,8,0,0,98.14,415,23,0,0,4.69388,11.104
3,3,3,PF-ET,1,132.4,0,0,0.0250211,58.825,662,0,0,0,2.33327,6.02157
3,3,3,F-ET,1,108.55,4,0,0,49.0687,543,0,0,0,2.1567,4.56908
3,3,3,SH,1,259.7,6,0,0,75.35,325,17,0,0,4.95063,8.58844
3,3,3,O-ET,1,108.74,3,0,0,49.57,136,0,0,0,2.12732,2.70665
3,3,3,O-SW,1,177.57,6,0,0,64.8925,222,0,0,0,3.16063,4.32317
3,3,3,O-BW,1,235.9,11,0,0,71.0625,295,15,0,0,3.51563,6.85251
3,3,3,ET+SW,1,136.04,2,0,0,52.805,171,0,0,0,3.1749,13.2634
3,3,3,ET+BW,1,170.95,5,0,0,59.8062,214,8,0,0,3.73861,7.50373
3,3,3,SW+BW,1,327.01,10,0,0,85.3525,409,24,0,0,4.34565,7.60151
3,3,4,PF-ET,1,102.22,0,0,0.0371047,47.955,512,0,0,0,2.52587,5.515
3,3,4,F-ET,1,104.2,1,0,0,48.3,521,0,0,0,2.35195,4.25218
3,3,4,SH,1,312.06,4,0,0,79.23,391,25,0,0,4.73621,7.89904
3,3,4,O-ET,1,114.91,3,0,0,50.6912,144,0,0,0,2.28933,3.02116
3,3,4,O-SW,1,194.98,8,0,0,56.09,244,0,0,0,3.25118,4.34002
3,3,4,O-BW,1,168.5,4,0,0,50.8875,211,11,0,0,3.86796,7.24011
3,3,4,ET+SW,1,174.39,7,0,0,50.4962,218,0,0,0,3.45078,6.3875
3,3,4,ET+BW,1,261.06,8,0,0,63.865,327,19,0,0,3.70381,5.82566
3,3,4,SW+BW,1,353.62,3,0,0,80.405,443,29,0,0,4.47168,8.43595
3,3,5,PF-ET,1,115.6,0,0,0.238661,55.725,578,0,0,0,2.33899,5.26692
3,3,5,F-ET,1,125.89,3,0,0,57.27,630,0,0,0,2.10715,3.04949
3,3,5,SH,1,370.83,12,0,0,91.4075,464,30,0,0,4.58538,9.80089
3,3,5,O-ET,1,123.7,4,0,0,58.2875,155,0,0,0,2.51764,6.05433
3,3,5,O-SW,1,309.85,14,0,0,101.662,388,0,0,0,2.90358,4.6231
3,3,5,O-BW,1,314.88,8,0,0,81.12,394,24,0,0,3.19327,4.99968
3,3,5,ET+SW,1,257.13,5,0,0,82.165,322,0,0,0,3.32463,4.66837
3,3,5,ET+BW,1,254.54,6,0,0,77.27,319,17,0,0,3.85068,7.91088
3,3,5,SW+BW,1,327.83,11,0,0,88.2575,410,27,0,0,4.40066,8.0129
3,4,0,PF-ET,1,67.81,0,0,0.0735059,31.4037,340,0,0,0,2.79361,5.92474
3,4,0,F-ET,1,65.81,3,0,0,31.705,330,0,0,0,2.5895,4.35225
3,4,0,SH,1,183.45,6,0,0,48.0625,230,15,0,0,5.38855,9.80389
3,4,0,O-ET,1,71.06,3,0,0,32.1475,89,0,0,0,2.51517,4.53199
3,4,0,O-SW,1,126.47,5,0,0,37.535,159,0,0,0,3.52364,10.2922
3,4,0,O-BW,1,147.44,6,0,0,45.46,185,11,0,0,3.96461,6.82296
3,4,0,ET+SW,1,244.4,5,0,0,63.6,306,0,0,0,3.39121,5.51041
3,4,0,ET+BW,1,242.59,4,0,0,63.0475,304,19,0,0,4.11032,9.1226
3,4,0,SW+BW,1,280.67,2,0,0,66.1512,351,23,0,0,4.77264,9.72378
3,4,1,PF-ET,1,91.61,1,0,0,38.0012,459,0,0,0,2.4501,5.41296
3,4,1,F-ET,1,101.39,2,0,0,39.2237,507,0,0,0,2.07871,3.04387
3,4,1,SH,1,244.04,7,0,0,59.02,306,19,0,0,5.24464,10.0351
3,4,1,O-ET,1,77.19,5,0,0,34.0975,97,0,0,0,2.21124,3.82201
3,4,1,O-SW,1,286.71,6,0,0,78.2775,359,0,0,0,3.21913,6.0875
3,4,1,O-BW,1,183.47,11,0,0,54.1337,230,11,0,0,3.46642,7.57386
3,4,1,ET+SW,1,130.62,4,0,0,36.6825,164,0,0,0,3.23104,4.39101
3,4,1,ET+BW,1,186.73,4,0,0,62.6825,234,12,0,0,3.62072,6.24446
3,4,1,SW+BW,1,291.37,8,0,0,74.0425,365,22,0,0,5.06753,16.8848
3,4,2,PF-ET,1,72.61,1,0,0,31.0775,364,0,0,0,2.29144,4.51032
3,4,2,F-ET,1,60.65,2,0,0,29.3625,304,0,0,0,2.26253,9.13363
3,4,2,SH,1,211.81,13,0,0,54.4287,265,17,0,0,5.56488,12.2054
3,4,2,O-ET,1,60.78,2,0,0,29.69,76,0,0,0,2.03974,2.42851
3,4,2,O-SW,1,145.22,4,0,0,45.005,182,0,0,0,3.15717,5.17676
3,4,2,O-BW,1,251.08,8,0,0,75.155,314,17,0,0,3.8472,7.78618
3,4,2,ET+SW,1,145.99,3,0,0,46.1975,183,0,0,0,3.37802,5.19939
3,4,2,ET+BW,1,137.73,7,0,0,39.7325,173,10,0,0,4.06563,7.074
3,4,2,SW+BW,1,425.39,18,0,0,92.095,532,38,0,0,4.74314,9.66143
3,4,3,PF-ET,1,78.33,1,0,0,35.7575,392,0,0,0,2.34671,4.16007
3,4,3,F-ET,1,78.5,8,0,0,34.7,393,0,0,0,2.16286,3.91836
3,4,3,SH,1,387.19,13,0,0,99.7962,484,31,0,0,5.21151,15.4106
3,4,3,O-ET,1,84.16,12,0,0,34.94,106,0,0,0,2.22739,2.9678
3,4,3,O-SW,1,180.82,7,0,0,52.71,227,0,0,0,3.10977,5.22556
3,4,3,O-BW,1,189.49,4,0,0,47.445,237,16,0,0,3.56046,6.19979
3,4,3,ET+SW,1,216.91,8,0,0,59.155,272,0,0,0,3.36889,6.82321
3,4,3,ET+BW,1,188.19,4,0,0,50.995,236,13,0,0,3.76433,6.52057
3,4,3,SW+BW,1,331.37,12,0,0,82.9637,415,27,0,0,4.59889,8.34797
3,4,4,PF-ET,1,86.33,1,0,0,34.1075,432,0,0,0,2.34153,5.28471
3,4,4,F-ET,1,75.32,3,0,0,33.58,377,0,0,0,2.20016,3.68471
3,4,4,SH,1,306.45,7,0,0,70.5125,384,27,0,0,4.90958,8.83765
3,4,4,O-ET,1,77.34,3,0,0,33.6025,97,0,0,0,2.28947,2.86712
3,4,4,O-SW,1,166.24,10,0,0,50.02,208,0,0,0,3.27497,4.50077
3,4,4,O-BW,1,200.69,5,0,0,56.4587,251,15,0,0,3.60963,7.08031
3,4,4,ET+SW,1,165.64,8,0,0,45.41,208,0,0,0,3.35333,4.75917
3,4,4,ET+BW,1,105.63,3,0,0,35.4037,133,5,0,0,4.66095,20.4496
3,4,4,SW+BW,1,306.43,8,0,0,71.9075,384,29,0,0,4.3699,10.5284
3,4,5,PF-ET,1,80.8,0,0,0.00894928,37.75,404,0,0,0,2.31778,5.15331
3,4,5,F-ET,1,79.32,3,0,0,35.78,397,0,0,0,2.03232,3.48281
3,4,5,SH,1,526.84,9,0,0,122.42,659,45,0,0,4.66478,12.2492
3,4,5,O-ET,1,79.08,2,0,0,36.07,99,0,0,0,2.13399,2.98791
3,4,5,O-SW,1,119.91,0,0,0.0694598,44.8662,150,0,0,0,3.07781,5.1972
3,4,5,O-BW,1,172.32,1,0,0,45.08,216,14,0,0,3.51444,6.322
3,4,5,ET+SW,1,201.16,4,0,0,63.135,252,0,0,0,3.61012,7.3307
3,4,5,ET+BW,1,178.03,3,0,0,48.6612,223,14,0,0,4.2406,7.95116
3,4,5,SW+BW,1,403.33,6,0,0,99.9487,505,31,0,0,4.81433,8.70503
3,5,0,PF-ET,1,76.67,1,0,0,32.2175,384,0,0,0,2.31607,4.12912
3,5,0,F-ET,1,80.3,2,0,0,33.3,402,0,0,0,2.12496,5.95278
3,5,0,SH,1,214.96,6,0,0,53.88,269,19,0,0,4.7189,9.70353
3,5,0,O-ET,1,76.61,3,0,0,32.7287,96,0,0,0,2.05555,2.46962
3,5,0,O-SW,1,378.3,9,0,0,94.3625,473,0,0,0,2.8411,4.55118
3,5,0,O-BW,1,179.68,5,0,0,46.52,225,14,0,0,3.43233,6.31731
3,5,0,ET+SW,1,304.63,5,0,0,75.2575,381,0,0,0,3.31087,6.26448
3,5,0,ET+BW,1,183.77,10,0,0,49.4425,230,14,0,0,3.79906,8.0573
3,5,0,SW+BW,1,213.2,7,0,0,53.05,267,18,0,0,4.63954,8.5185
3,5,1,PF-ET,1,69.75,0,0,0.0747105,32.3375,349,0,0,0,2.30582,4.47467
3,5,1,F-ET,1,72.58,2,0,0,32.345,363,0,0,0,1.99883,6.18617
3,5,1,SH,1,401.09,16,0,0,98.0362,502,35,0,0,4.41916,10.9697
3,5,1,O-ET,1,77.95,2,0,0,32.5875,98,0,0,0,2.07636,2.52125
3,5,1,O-SW,1,357.64,9,0,0,82.01,448,0,0,0,3.06225,6.82998
3,5,1,O-BW,1,244.52,6,0,0,51.665,306,22,0,0,3.36338,5.55922
3,5,1,ET+SW,1,150.51,5,0,0,47.7137,189,0,0,0,3.47798,7.03393
3,5,1,ET+BW,1,131.62,5,0,0,36.11,165,10,0,0,3.61665,6.19302
3,5,1,SW+BW,1,256.87,11,0,0,49.3175,322,24,0,0,4.05388,7.61409
3,5,2,PF-ET,1,110.64,1,0,0,41.51,554,0,0,0,2.48974,6.12399
3,5,2,F-ET,1,96.41,1,0,0,35.4012,483,0,0,0,2.45726,3.98347
3,5,2,SH,1,362.86,7,0,0,76.015,454,34,0,0,4.24983,8.36794
3,5,2,O-ET,1,96.77,6,0,0,36.7925,121,0,0,0,2.34627,2.78603
3,5,2,O-SW,1,247.27,14,0,0,61.3087,310,0,0,0,3.12164,4.4692
3,5,2,O-BW,1,142.33,9,0,0,39.0737,178,11,0,0,3.81818,6.27378
3,5,2,ET+SW,1,181.77,13,0,0,54.2425,228,0,0,0,3.44155,4.84138
3,5,2,ET+BW,1,174.79,8,0,0,49.8975,219,13,0,0,3.86932,8.58894
3,5,2,SW+BW,1,275.38,5,0,0,69.745,345,22,0,0,4.80674,15.321
3,5,3,PF-ET,1,57.86,0,0,0.00813765,27.64,290,0,0,0,2.31293,4.43938
3,5,3,F-ET,1,55.67,2,0,0,26.6925,279,0,0,0,1.93527,2.41521
3,5,3,SH,1,182.06,6,0,0,41.9575,228,16,0,0,5.06953,10.6973
3,5,3,O-ET,1,56.1,3,0,0,26.725,71,0,0,0,2.00882,2.48086
3,5,3,O-SW,1,174.81,5,0,0,45.7025,219,0,0,0,2.70069,3.98817
3,5,3,O-BW,1,112.07,4,0,0,30.1175,141,9,0,0,3.7079,5.90748
3,5,3,ET+SW,1,164.8,4,0,0,42.1,206,0,0,0,2.94038,4.78245
3,5,3,ET+BW,1,142.68,5,0,0,34.37,179,13,0,0,3.75423,6.24557
3,5,3,SW+BW,1,385.55,11,0,0,91.475,482,31,0,0,4.32812,8.53103
3,5,4,PF-ET,1,105.33,0,0,0.066473,42.7325,527,0,0,0,2.59092,12.4081
3,5,4,F-ET,1,110.4,3,0,0,41.65,552,0,0,0,2.16136,3.14736
3,5,4,SH,1,496.09,26,0,0,111.611,621,44,0,0,4.65444,11.2457
3,5,4,O-ET,1,121.31,5,0,0,42.6275,152,0,0,0,2.80295,32.8414
3,5,4,O-SW,1,339.92,13,0,0,99.97,425,0,0,0,3.08176,5.72663
3,5,4,O-BW,1,220.57,9,0,0,60.3137,276,18,0,0,3.57685,7.24029
3,5,4,ET+SW,1,276.69,5,0,0,71.245,346,0,0,0,3.36357,6.25272
3,5,4,ET+BW,1,311.5,12,0,0,74.275,390,26,0,0,3.78786,8.07622
3,5,4,SW+BW,1,323.16,12,0,0,76.78,404,27,0,0,4.84727,13.4995
3,5,5,PF-ET,1,78.54,2,0,0,30.535,393,0,0,0,2.56121,13.216
3,5,5,F-ET,1,67.85,5,0,0,29.4625,340,0,0,0,2.47144,4.80866
3,5,5,SH,1,219.15,8,0,0,56.7812,274,18,0,0,4.73849,9.90551
3,5,5,O-ET,1,68.53,4,0,0,29.4987,86,0,0,0,2.1835,3.36792
3,5,5,O-SW,1,105.7,1,0,0,36.925,133,0,0,0,2.68961,4.03912
3,5,5,O-BW,1,152.06,4,0,0,37.73,191,11,0,0,3.73051,7.92717
3,5,5,ET+SW,1,100,1,0,0,34.2,125,0,0,0,2.74789,3.98677
3,5,5,ET+BW,1,152.17,5,0,0,44.1425,191,10,0,0,3.76568,6.31719
3,5,5,SW+BW,1,224.63,10,0,0,49.6575,281,19,0,0,4.36714,7.9376
